chain,chain_id,address,symbol,name,listing_timestamp_ms,listing_date_alpha,listing_price_usdt,alpha_pair
BSC,56,0xe747e54783ba3f77a8e5251a3cba19ebe9c0e197,TAKE,OVERTAKE,1756116600000,2025-08-25T10:10:00+00:00,0.04732832,ALPHA_337USDT
BSC,56,0xe50e3d1a46070444f44df911359033f2937fcc13,SQD,Subsquid,1748869200000,2025-06-02T13:00:00+00:00,0.23730047,ALPHA_209USDT
BSC,56,0xc12efb9e4a1a753e7f6523482c569793c2271dbb,GAIX,GaiAI Token,1764403200000,2025-11-29T08:00:00+00:00,0.09531,ALPHA_485USDT
BSC,56,0xf6402bec11bd945bbd46be77e1fa5d477883f6c2,PORT3,Port3 Network,1764140400000,2025-11-26T07:00:00+00:00,0.00985428,ALPHA_482USDT
BSC,56,0xb9e1fd5a02d3a33b25a14d661414e6ed6954a721,SOON,SOON,1747987200000,2025-05-23T08:00:00+00:00,0.63327292,ALPHA_199USDT
BSC,56,0xa5c8e1513b6a08334b479fe4d71f1253259469be,GUA,SUPERFORTUNE,1764230400000,2025-11-27T08:00:00+00:00,0.06209783,ALPHA_483USDT
BSC,56,0x17ea10b6ae4fde59fdbf471bd28ab9710f508816,RLS,Rayls,1764586800000,2025-12-01T11:00:00+00:00,0.0812298,ALPHA_486USDT
BSC,56,0x91152b4ef635403efbae860edd0f8c321d7c035d,IRYS,Irys,1764068400000,2025-11-25T11:00:00+00:00,0.03271011,ALPHA_479USDT
BSC,56,0x44440f83419de123d7d411187adb9962db017d03,BNBHolder,币安Holder,1764047160000,2025-11-25T05:06:00+00:00,0.005,ALPHA_480USDT
BSC,56,0xe1e93e92c0c2aff2dc4d7d4a8b250d973cad4444,恶俗企鹅,三维威廉泰尔企鹅,1764047220000,2025-11-25T05:07:00+00:00,0.00438977,ALPHA_481USDT
BSC,56,0x5b6e1ccf4cbbe27f588f8dcea8e9e39acb595e3d,DIGI,MineD,1763805600000,2025-11-22T10:00:00+00:00,0.00038732,ALPHA_475USDT
BSC,56,0xcc442a4c0b9c35578aa285f0d39f2bcc0e152acd,SSS,Sparkle Token,1763978400000,2025-11-24T10:00:00+00:00,0.05471611,ALPHA_478USDT
BSC,56,0x8105743e8a19c915a604d7d9e7aa3a060a4c2c32,ARTX,ULTILAND,1763719200000,2025-11-21T10:00:00+00:00,0.15339431,ALPHA_474USDT
BSC,56,0x2d739dd563609c39a1ae1546a03e8b469361175f,KO,Kyuzo's Friends,1763888400000,2025-11-23T09:00:00+00:00,0.05203822,ALPHA_476USDT
BSC,56,0x1aaeb7d6436fda7cdac7b87ab8022e97586d2da1,TOWN,Alt.town,1764223260000,2025-11-27T06:01:00+00:00,0.006,ALPHA_477USDT
BSC,56,0x52b5fb4b0f6572b8c44d0251cc224513ac5eb7e7,BOB,BOB,1763640000000,2025-11-20T12:00:00+00:00,0.02781654,ALPHA_473USDT
BSC,56,0xc19d38925f9f645337b1d1f37baf3c0647a48e50,GAIB,GAIB,1763546400000,2025-11-19T10:00:00+00:00,0.28319532,ALPHA_472USDT
BSC,56,0x49c6c91ec839a581de2b882e868494215250ee59,DGRAM,Datagram Network,1763452800000,2025-11-18T08:00:00+00:00,0.011815,ALPHA_471USDT
BSC,56,0x004d50b3fc784b580531d8e8615aa96cf7fbb919,PLANCK,Planck,1763040600000,2025-11-13T13:30:00+00:00,0.41414771,ALPHA_468USDT
BSC,56,0x6bf62ca91e397b5a7d1d6bce97d9092065d7a510,CROSS,CROSS Protocol,1751616000000,2025-07-04T08:00:00+00:00,0.08,ALPHA_259USDT
BSC,56,0x0e63b9c287e32a05e6b9ab8ee8df88a2760225a9,PIEVERSE,Pieverse,1763118000000,2025-11-14T11:00:00+00:00,0.25,ALPHA_469USDT
Solana,CT_501,plays3gssadh2q2jls7djp7yzet75nk78xgre5ylrfq,PLAYSOLANA,Play Solana,1763298000000,2025-11-16T13:00:00+00:00,0.00924212,ALPHA_470USDT
BSC,56,0xcce5f304fd043d6a4e8ccb5376a4a4fb583b98d5,ALLO,Allora,1762858800000,2025-11-11T11:00:00+00:00,1.74869219,ALPHA_467USDT
BSC,56,0xea37a8de1de2d9d10772eeb569e28bfa5cb17707,JCT,Janction,1762768800000,2025-11-10T10:00:00+00:00,0.003,ALPHA_466USDT
BSC,56,0xaafe1f781bc5e4d240c4b73f6748d76079678fa8,TIMI,MetaArena,1762693200000,2025-11-09T13:00:00+00:00,0.03038192,ALPHA_465USDT
BSC,56,0x2a7e3392458307493c86388d5e544aad93286836,ARIAIP,Aria Protocol,1762498800000,2025-11-07T07:00:00+00:00,0.21300397,ALPHA_464USDT
BSC,56,0xea17df5cf6d172224892b5477a16acb111182478,ELIZAOS,elizaOS,1762497060000,2025-11-07T06:31:00+00:00,0.012,ALPHA_463USDT
BSC,56,0x9eca8dedb4882bd694aea786c0cbe770e70d52e3,LONG,Belong,1762423200000,2025-11-06T10:00:00+00:00,0.19618293,ALPHA_460USDT
BSC,56,0x3e5d4f8aee0d9b3082d5f6da5d6e225d17ba9ea0,UAI,UnifAI Network,1762426800000,2025-11-06T11:00:00+00:00,0.14685864,ALPHA_461USDT
BSC,56,0xff7f8f301f7a706e3cfd3d2275f5dc0b9ee8009b,FOLKS,Folks Finance,1762430400000,2025-11-06T12:00:00+00:00,2.9369586,ALPHA_462USDT
BSC,56,0x8fd0d741e09a98e82256c63f25f90301ea71a83e,SENTIS,SentismAI,1762344000000,2025-11-05T12:00:00+00:00,0.06366892,ALPHA_459USDT
BSC,56,0x915c882e4f67d5fed79889353bfdb0ad213e9b97,TYCOON,Dino Tycoon,1762239600000,2025-11-04T07:00:00+00:00,0.080912,ALPHA_456USDT
BSC,56,0x904567252d8f48555b7447c67dca23f0372e16be,KITE,Kite,1762167600000,2025-11-03T11:00:00+00:00,0.08,ALPHA_454USDT
BSC,56,0x3aee7602b612de36088f3ffed8c8f10e86ebf2bf,BANK,Lorenzo Governance Token,1744975380000,2025-04-18T11:23:00+00:00,0.03,ALPHA_146USDT
BSC,56,0xa43ca4e5abdf9917eade63c2837eeee321897dad,COMMON,Common,1761566400000,2025-10-27T12:00:00+00:00,0.04379092,ALPHA_447USDT
BSC,56,0x0bbea6812fb3fcbca126edb558e551b3f1702026,LITKEY,Lit Protocol,1762081200000,2025-11-02T11:00:00+00:00,0.14166481,ALPHA_453USDT
BSC,56,0xa7bef5abd9265ab97ee43d2fc4a56e0ba25aca25,BAY,Marina Protocol,1761984000000,2025-11-01T08:00:00+00:00,0.08179046,ALPHA_452USDT
BSC,56,0xcf3232b85b43bca90e51d38cc06cc8bb8c8a3e36,BEAT,Audiera,1761987600000,2025-11-01T09:00:00+00:00,0.17919133,ALPHA_451USDT
BSC,56,0x834baf4f7832cc3c00734ddb2e0c61c68d975822,42,Semantic Layer,1761559200000,2025-10-27T10:00:00+00:00,0.30583924,ALPHA_445USDT
BSC,56,0xc2bd425a63800731e3ae42b6596bdd783299fcb1,NB,Nubila Network,1761912000000,2025-10-31T12:00:00+00:00,0.13191778,ALPHA_450USDT
BSC,56,0x81a7da4074b8e0ed51bea40f9dcbdf4d9d4832b4,AIO,OLAXBT,1757318400000,2025-09-08T08:00:00+00:00,0.07528026,ALPHA_361USDT
BSC,56,0x8410fea2dd13c1798977ff4d55a9e1835f54f216,PIGGY,Piggycell,1761645600000,2025-10-28T10:00:00+00:00,1.04942953,ALPHA_448USDT
BSC,56,0xae1e85c3665b70b682defd778e3dafdf09ed3b0f,BOS,BitcoinOS,1761735600000,2025-10-29T11:00:00+00:00,0.015,ALPHA_449USDT
BSC,56,0x9be61a38725b265bc3eb7bfdf17afdfc9d26c130,AT,APRO,1761300000000,2025-10-24T10:00:00+00:00,0.65092114,ALPHA_443USDT
BSC,56,0x0e4f6209ed984b21edea43ace6e09559ed051d48,ON,Orochi Network,1761292800000,2025-10-24T08:00:00+00:00,0.31169044,ALPHA_444USDT
Solana,CT_501,metvsvvrapdj9cflzq4tr43xk4tajqfwx76z3n6mwql,MET,Meteora,1761224400000,2025-10-23T13:00:00+00:00,0.91579195,ALPHA_441USDT
BSC,56,0x299ad4299da5b2b93fba4c96967b040c7f611099,APR,aPriori,1761213600000,2025-10-23T10:00:00+00:00,0.23971469,ALPHA_442USDT
BSC,56,0x66fd8de541c0594b4dccdfc13bf3a390e50d3afd,TURTLE,Turtle,1761138000000,2025-10-22T13:00:00+00:00,0.36651854,ALPHA_440USDT
BSC,56,0xed9ae3def8d6f052971bb8b6d1975ff267cf9aad,BLUAI,Bluwhale,1761044400000,2025-10-21T11:00:00+00:00,0.0281289,ALPHA_438USDT
BSC,56,0xd4058218632112de109846a2952be102d0330ab3,XNAP,SNAPX,1761548400000,2025-10-27T07:00:00+00:00,0.09270155,ALPHA_446USDT
BSC,56,0x85375d3e9c4a39350f1140280a8b0de6890a40e7,SIGMA,SigmaDotMoney,1761030000000,2025-10-21T07:00:00+00:00,0.0546,ALPHA_439USDT
BSC,56,0x395603b95d721084c1917affdd06d78e559fa94d,SVSA,SavannaSurvival,1760943600000,2025-10-20T07:00:00+00:00,0.11669773,ALPHA_437USDT
BSC,56,0x783c3f003f172c6ac5ac700218a357d2d66ee2a2,B2,BSquared Token,1746008700000,2025-04-30T10:25:00+00:00,0.51490234,ALPHA_162USDT
BSC,56,0xd82544bf0dfe8385ef8fa34d67e6e4940cc63e16,MYX,MYX Finance,1746526860000,2025-05-06T10:21:00+00:00,0.11683074,ALPHA_171USDT
BSC,56,0xa0c56a8c0692bd10b3fa8f8ba79cf5332b7107f9,MERL,Merlin Chain,1747731660000,2025-05-20T09:01:00+00:00,0.10596345,ALPHA_195USDT
BSC,56,0xfab99fcf605fd8f4593edb70a43ba56542777777,ZBT,ZEROBASE,1760698860000,2025-10-17T11:01:00+00:00,0.80887278,ALPHA_435USDT
BSC,56,0x9efdae4d959365349fcd7c7eae1f38ddcb25068c,SUBHUB,SubHub,1760695200000,2025-10-17T10:00:00+00:00,0.12575278,ALPHA_434USDT
BSC,56,0x80563fc2dd549bf36f82d3bf3b970bb5b08dbddb,RVV,REVIVE,1760792460000,2025-10-18T13:01:00+00:00,0.02855522,ALPHA_436USDT
BSC,56,0x635d44f246156ed1080cb470877256c847673f19,WBAI,Whitebridge Network,1760526000000,2025-10-15T11:00:00+00:00,0.0927992,ALPHA_431USDT
BSC,56,0x7ec43cf65f1663f820427c62a5780b8f2e25593a,LAB,LAB,1760441400000,2025-10-14T11:30:00+00:00,0.10800459,ALPHA_428USDT
BSC,56,0xfeb339236d25d3e415f280189bc7c2fbab6ae9ef,ENSO,Enso,1760425200000,2025-10-14T07:00:00+00:00,8.5,ALPHA_427USDT
BSC,56,0x44443dd87ec4d1bea3425acc118adb023f07f91b,修仙,修仙,1760370540000,2025-10-13T15:49:00+00:00,0.02053919,ALPHA_425USDT
BSC,56,0x82ec31d69b3c289e541b50e30681fd1acad24444,哈基米,哈基米,1760370540000,2025-10-13T15:49:00+00:00,0.04508709,ALPHA_426USDT
BSC,56,0x6bc3855827fa6ee1229c937a26bb9fca1a0ffbf0,ANOME,Anome,1760688000000,2025-10-17T08:00:00+00:00,0.075,ALPHA_433USDT
BSC,56,0x84575b87395c970f1f48e87d87a8db36ed653716,CDL,Creditlink,1760169600000,2025-10-11T08:00:00+00:00,0.08015502,ALPHA_423USDT
BSC,56,0x3ac8e2c113d5d7824ac6ebe82a3c60b1b9d64444,客服小何,客服小何,1760011860000,2025-10-09T12:11:00+00:00,0.05,ALPHA_420USDT
BSC,56,0x73b84f7e3901f39fc29f3704a03126d317ab4444,PUP,PUP,1760011920000,2025-10-09T12:12:00+00:00,0.03541108,ALPHA_421USDT
BSC,56,0xfb93ee8152dd0a0e6f4b49c66c06d800cf1db72d,YB,Yield Basis,1760522400000,2025-10-15T10:00:00+00:00,0.94663374,ALPHA_430USDT
BSC,56,0x81d3a238b02827f62b9f390f947d36d4a5bf89d2,CLO,Yei Finance,1760439600000,2025-10-14T11:00:00+00:00,0.12403,ALPHA_429USDT
Solana,CT_501,7s9most7vv1j3jvnnw2ayocsqdbdckpyz5apqdpky9i5,PIPE,Pipe Network,1759932000000,2025-10-08T14:00:00+00:00,0.34207343,ALPHA_418USDT
BSC,56,0x8a063a9ff4de28dcb87117cc759be6ce70e09f81,SLX,SLIMEX,1759906800000,2025-10-08T07:00:00+00:00,0.00911,ALPHA_417USDT
BSC,56,0xf3d5b4c34ed623478cc5141861776e6cf7ae3a1e,KGEN,KGeN,1759845600000,2025-10-07T14:00:00+00:00,0.518,ALPHA_414USDT
BSC,56,0x924fa68a0fc644485b8df8abfa0a41c2e7744444,币安人生,币安人生,1759833000000,2025-10-07T10:30:00+00:00,0.1614332,ALPHA_416USDT
BSC,56,0xfd9a3f94bec6b08711d90ff69cbba42fac96b45a,CORL,Coral Finance,1760266800000,2025-10-12T11:00:00+00:00,0.14857,ALPHA_424USDT
BSC,56,0x76e9b54b49739837be8ad10c3687fc6b543de852,KLINK,Klink Finance,1759831200000,2025-10-07T10:00:00+00:00,0.0991725,ALPHA_415USDT
BSC,56,0x02e75d28a8aa2a0033b8cf866fcf0bb0e1ee4444,PALU,Palu,1759811400000,2025-10-07T04:30:00+00:00,0.035,ALPHA_413USDT
Ethereum,1,0xd9fcd98c322942075a5c3860693e9f4f03aae07b,EUL,Euler Finance,1760101200000,2025-10-10T13:00:00+00:00,9.65057466,ALPHA_422USDT
BSC,56,0x302dfaf2cdbe51a18d97186a7384e87cf599877d,LYN,Everlyn AI,1759734000000,2025-10-06T07:00:00+00:00,0.81886892,ALPHA_412USDT
BSC,56,0x810df4c7daf4ee06ae7c621d0680e73a505c9a06,P,PoP Planet,1759489200000,2025-10-03T11:00:00+00:00,0.11855603,ALPHA_408USDT
BSC,56,0x20d6015660b3fe52e6690a889b5c51f69902ce0e,GIGGLE,Giggle Fund,1759482000000,2025-10-03T09:00:00+00:00,79.13148779,ALPHA_410USDT
BSC,56,0xaa036928c9c0df07d525b55ea8ee690bb5a628c1,EVAA,EVAA,1759478400000,2025-10-03T08:00:00+00:00,5.05087,ALPHA_409USDT
BSC,56,0x4c9027e10c5271efca82379d3123917ae3f2374e,BTG,Openverse Network,1759410000000,2025-10-02T13:00:00+00:00,5.20735102,ALPHA_406USDT
Solana,CT_501,j6pqq3facjqewppgppwrb4nm8ju3wlyybrrlh7femfvd,2Z,DoubleZero,1759406400000,2025-10-02T12:00:00+00:00,0.63377164,ALPHA_405USDT
BSC,56,0x0a43fc31a73013089df59194872ecae4cae14444,4,4,1759397400000,2025-10-02T09:30:00+00:00,0.03416447,ALPHA_407USDT
BSC,56,0x235b6fe22b4642ada16d311855c49ce7de260841,EDEN,OpenEden,1759222800000,2025-09-30T09:00:00+00:00,1.10744517,ALPHA_400USDT
BSC,56,0xac23b90a79504865d52b49b327328411a23d4db2,FF,Falcon Finance,1759143600000,2025-09-29T11:00:00+00:00,0.61025,ALPHA_398USDT
BSC,56,0x83330d159c9a4b09e6717feefef7a634b70d216a,MTP,Multiple Network,1759132800000,2025-09-29T08:00:00+00:00,0.00500113,ALPHA_397USDT
BSC,56,0x7427bd9542e64d1ac207a540cfce194b7390a07f,XAN,Anoma,1759140000000,2025-09-29T10:00:00+00:00,0.1514,ALPHA_399USDT
BSC,56,0xd6b48ccf41a62eb3891e58d0f006b19b01d50cca,SERAPH,SERAPH,1749470400000,2025-06-09T12:00:00+00:00,0.15771487,ALPHA_220USDT
BSC,56,0x477c2c0459004e3354ba427fa285d7c053203c0e,LIGHT,Bitlight Labs,1758970800000,2025-09-27T11:00:00+00:00,0.43358509,ALPHA_396USDT
BSC,56,0x5d7909f951436d4e6974d841316057df3a622962,GOATED,GOAT Network,1758963600000,2025-09-27T09:00:00+00:00,0.1581844,ALPHA_395USDT
BSC,56,0x6261963ebe9ff014aad10ecc3b0238d4d04e8353,HANA,Hana Network,1758884400000,2025-09-26T11:00:00+00:00,0.17873542,ALPHA_394USDT
BSC,56,0x0a8d6c86e1bce73fe4d0bd531e1a567306836ea5,COAI,ChainOpera AI,1758783600000,2025-09-25T07:00:00+00:00,0.32650434,ALPHA_391USDT
BSC,56,0x405fbc9004d857903bfd6b3357792d71a50726b0,XPL,Plasma,1758800700000,2025-09-25T11:45:00+00:00,1.58903,ALPHA_392USDT
BSC,56,0x2aa89a0113bcbbcdc5812c6df794e2d9650fc1af,STRIKE,StrikeBit AI,1759305600000,2025-10-01T08:00:00+00:00,0.03900382,ALPHA_403USDT
BSC,56,0xacf5a368ec5bb9e804c8ac0b508daa5a21c92e13,GAIN,Griffin AI,1758711600000,2025-09-24T11:00:00+00:00,0.09546,ALPHA_390USDT
BSC,56,0xa890f8ba60051ec8a5b528f056da362ba208a96f,GAIN,GriffinAI,1759832820000,2025-10-07T10:27:00+00:00,0.05599317,ALPHA_404USDT
BSC,56,0x4b948d64de1f71fcd12fb586f4c776421a35b3ee,0G,0G,1758528000000,2025-09-22T08:00:00+00:00,5.19274556,ALPHA_388USDT
BSC,56,0xa45f5eb48cecd034751651aeeda6271bd5df8888,FROGGIE,Froggie,1758373200000,2025-09-20T13:00:00+00:00,0.04899,ALPHA_386USDT
BSC,56,0x7839fbfd09dae4d0f15bfb36b8f16f7898fbe684,MIRA,Mira Network,1758880800000,2025-09-26T10:00:00+00:00,1.41704,ALPHA_393USDT
BSC,56,0xcd806d0eb9465020994c9e977cbe34fe430172ae,DL,Dill,1758281400000,2025-09-19T11:30:00+00:00,0.01422976,ALPHA_384USDT
BSC,56,0x7c8217517ed4711fe2deccdfeffe8d906b9ae11f,BLESS,Bless,1758618000000,2025-09-23T09:00:00+00:00,0.02346735,ALPHA_389USDT
BSC,56,0x000ae314e2a2172a039b26378814c252734f556a,ASTER,Aster,1758268800000,2025-09-19T08:00:00+00:00,0.60037521,ALPHA_380USDT
BSC,56,0x953783617a71a888f8b04f397f2c9e1a7c37af7e,JOJO,JOJOWORLD,1758279600000,2025-09-19T11:00:00+00:00,0.11921502,ALPHA_383USDT
BSC,56,0xda7ad9dea9397cffddae2f8a052b82f1484252b3,RIVER,River,1758531600000,2025-09-22T09:00:00+00:00,3.27919996,ALPHA_381USDT
BSC,56,0xd23a186a78c0b3b805505e5f8ea4083295ef9f3a,BARD,Lombard,1758189600000,2025-09-18T10:00:00+00:00,1.40033935,ALPHA_379USDT
BSC,56,0x48a18a4782b65a0fbed4dca608bb28038b7be339,AIA,DeAgentAI,1758182400000,2025-09-18T08:00:00+00:00,0.51797254,ALPHA_378USDT
BSC,56,0xc61eb549acf4a05ed6e3fe0966f5e213b23541ce,NUMI,NUMINE,1758441600000,2025-09-21T08:00:00+00:00,0.13974253,ALPHA_387USDT
BSC,56,0xd5df4d260d7a0145f655bcbf3b398076f21016c7,AOP,Ark Of Panda,1758283200000,2025-09-19T12:00:00+00:00,0.04104898,ALPHA_382USDT
BSC,56,0x8dedf84656fa932157e27c060d8613824e7979e3,STBL,STBL,1758032700000,2025-09-16T14:25:00+00:00,0.0369,ALPHA_376USDT
BSC,56,0x4e107a0000db66f0e9fd2039288bf811dd1f9c74,VLR,Velora,1758020400000,2025-09-16T11:00:00+00:00,0.02888284,ALPHA_375USDT
BSC,56,0x15247e6e23d3923a853ccf15940a20ccdf16e94a,ZKC,Boundless,1757939400000,2025-09-15T12:30:00+00:00,1.81280141,ALPHA_374USDT
BSC,56,0xa2be3e48170a60119b5f0400c65f65f3158fbeee,ZEUS,Zeus Network,1757772000000,2025-09-13T14:00:00+00:00,0.1190162,ALPHA_372USDT
BSC,56,0x01bf3d77cd08b19bf3f2309972123a2cca0f6936,AA,ARAI,1757671200000,2025-09-12T10:00:00+00:00,0.06832273,ALPHA_371USDT
BSC,56,0x40b8129b786d766267a7a118cf8c07e31cdb6fde,UB,Unibase,1757664000000,2025-09-12T08:00:00+00:00,0.01398897,ALPHA_370USDT
BSC,56,0x3ecb529752dec6c6ab08fd83e425497874e21d49,PINGPONG,PINGPONG,1757592000000,2025-09-11T12:00:00+00:00,0.05035897,ALPHA_368USDT
BSC,56,0xa3cfb853339b77f385b994799b015cb04b208fe6,POP,Zypher Network,1757498400000,2025-09-10T10:00:00+00:00,0.00687435,ALPHA_366USDT
BSC,56,0xcd1679f117e81defc4f0009311ddc23fc1ae4a5e,MAIGA,Maiga.ai,1758106800000,2025-09-17T11:00:00+00:00,0.09350811,ALPHA_377USDT
BSC,56,0x6cfffa5bfd4277a04d83307feedfe2d18d944dd2,ALEO,Aleo,1757833200000,2025-09-14T07:00:00+00:00,0.26,ALPHA_373USDT
Solana,CT_501,sarosy6vscao718m4a778z4cgtvcwcgef5m9meh1lgl,SAROS,Saros,1757239200000,2025-09-07T10:00:00+00:00,0.36560013,ALPHA_360USDT
BSC,56,0x38fd4ee2ade8b4be157dfee3d6b8979c78a56145,SHARDS,WORLDSHARDS,1757070000000,2025-09-05T11:00:00+00:00,0.03435,ALPHA_357USDT
BSC,56,0x1a5d7e4c3a7f940b240b7357a4bfed30d17f9497,HOLO,Holoworld AI,1757586900000,2025-09-11T10:35:00+00:00,0.50272759,ALPHA_369USDT
BSC,56,0xbe7e12b2e128bc955a0130ffb168f031d7dd8d58,BOOST,Boost,1757059200000,2025-09-05T08:00:00+00:00,0.04726728,ALPHA_358USDT
Solana,CT_501,sw1tchlmrgtfw5xzknqqdpdarb8pd95sjywpnp9tbfx,SWTCH,Switchboard,1757415600000,2025-09-09T11:00:00+00:00,0.13604247,ALPHA_364USDT
BSC,56,0xba5ed44733953d79717f6269357c77718c8ba5ed,U,Union,1756976400000,2025-09-04T09:00:00+00:00,0.01703057,ALPHA_354USDT
BSC,56,0xa227cc36938f0c9e09ce0e64dfab226cad739447,OPEN,OpenLedger,1757329200000,2025-09-08T11:00:00+00:00,0.67924061,ALPHA_362USDT
BSC,56,0x95c9b514566fbd224dc2037f5914eb8ab91c9201,PTB,Portal To Bitcoin,1756900800000,2025-09-03T12:00:00+00:00,0.036,ALPHA_352USDT
BSC,56,0xf8f331dfa811132c43c308757cd802ca982b7211,MCH,Moonchain,1756897200000,2025-09-03T11:00:00+00:00,0.10328076,ALPHA_351USDT
BSC,56,0x8fce7206e3043dd360f115afa956ee31b90b787c,STAR,Starpower Network,1757152800000,2025-09-06T10:00:00+00:00,0.05038062,ALPHA_359USDT
BSC,56,0x59537849f2a119ec698c7aa6c6daadc40c398a25,BOT,HyperBot,1756894200000,2025-09-03T10:10:00+00:00,0.03294797,ALPHA_353USDT
BSC,56,0xa9616e5e23ec1582c2828b025becf3ef610e266f,SOMI,Somnia,1756819800000,2025-09-02T13:30:00+00:00,1.62961604,ALPHA_350USDT
BSC,56,0xc07e1300dc138601fa6b0b59f8d0fa477e690589,Q,Quack AI,1756796400000,2025-09-02T07:00:00+00:00,0.00837534,ALPHA_349USDT
BSC,56,0x9123400446a56176eb1b6be9ee5cf703e409f492,TRADOOR,TRADOOR,1756987200000,2025-09-04T12:00:00+00:00,0.69515834,ALPHA_356USDT
BSC,56,0x11cf6bf6d87cb0eb9c294fd6cbfec91ee3a1a7d0,FOREST,Forest,1756720800000,2025-09-01T10:00:00+00:00,0.05129887,ALPHA_348USDT
BSC,56,0xb994882a1b9bd98a71dd6ea5f61577c42848b0e8,WOD,World of Dypians,1756641600000,2025-08-31T12:00:00+00:00,0.051,ALPHA_347USDT
BSC,56,0x46ee3bfc281d59009ccd06f1dd6abdbfcd82ffc3,GATA,Gata,1756982640000,2025-09-04T10:44:00+00:00,0.14329177,ALPHA_355USDT
BSC,56,0x8c321c2e323bc26c01df0dc62311482a1256fdf5,ZENT,Zentry,1756542600000,2025-08-30T08:30:00+00:00,0.00768465,ALPHA_346USDT
BSC,56,0xda67fbf4e6fa4bb78f62533b7264e1b13295fdf3,CELB,CeluvPlay,1756458000000,2025-08-29T09:00:00+00:00,0.005,ALPHA_344USDT
BSC,56,0x5ba9bfffb868859064c33d4f995a0828b2b1d2d3,XLAB,Dexlab,1756450800000,2025-08-29T07:00:00+00:00,2.088e-05,ALPHA_345USDT
BSC,56,0x5ffd0eadc186af9512542d0d5e5eafc65d5afc5b,HEMI,Hemi,1756440000000,2025-08-29T04:00:00+00:00,0.01756565,ALPHA_343USDT
BSC,56,0x8e1e6bf7e13c400269987b65ab2b5724b016caef,MITO,Mitosis,1756389600000,2025-08-28T14:00:00+00:00,0.20818659,ALPHA_342USDT
BSC,56,0xfdc8cd47848c0c67df66f7120f4e3371181cfa5e,BLUM,Blum,1756375200000,2025-08-28T10:00:00+00:00,0.05085254,ALPHA_341USDT
BSC,56,0xfed13d0c40790220fbde712987079eda1ed75c51,BTR,BTR token,1756288800000,2025-08-27T10:00:00+00:00,0.122,ALPHA_340USDT
BSC,56,0x973253d0c12366e0fa5afb9f9e2e9486eca69c01,TOWN,Alt.town,1756191600000,2025-08-26T07:00:00+00:00,0.02093,ALPHA_339USDT
BSC,56,0x23fe903be385832fd7bb82bf1fee93f696278888,DORA,DORA,1755950400000,2025-08-23T12:00:00+00:00,0.27152557,ALPHA_335USDT
BSC,56,0xd955c9ba56fb1ab30e34766e252a97ccce3d31a6,XPIN,XPIN Network,1755853200000,2025-08-22T09:00:00+00:00,0.00054472,ALPHA_334USDT
BSC,56,0x2c3a8ee94ddd97244a93bc48298f97d2c412f7db,AKE,AKE,1755771000000,2025-08-21T10:10:00+00:00,0.00064199,ALPHA_331USDT
Solana,CT_501,drz26ckjdksvrwib3dvvsjo9eexccc7hkhdjviiyeezy,YZY,YZY,1755757200000,2025-08-21T06:20:00+00:00,1.10533182,ALPHA_333USDT
Base,8453,0xc729777d0470f30612b1564fd96e8dd26f5814e3,SAPIEN,Sapien,1755709200000,2025-08-20T17:00:00+00:00,0.26781326,ALPHA_330USDT
BSC,56,0x9cfae8067322394e34e6b734c4a3f72acc4a7fe5,DGC,DecentralGPT,1755691200000,2025-08-20T12:00:00+00:00,6.243e-05,ALPHA_329USDT
BSC,56,0x0f0df6cb17ee5e883eddfef9153fc6036bdb4e37,BAS,BNB Attestation,1755583500000,2025-08-19T06:05:00+00:00,0.00383882,ALPHA_328USDT
BSC,56,0xbcba33bf0b3cd8d626b7a3732a3ee18a0af51bd0,MTP,Multiple Network,1756130400000,2025-08-25T14:00:00+00:00,0.04829077,ALPHA_338USDT
BSC,56,0xb5761f36fdfe2892f1b54bc8ee8babb2a1b698d3,RICE,RICE AI,1755511500000,2025-08-18T10:05:00+00:00,0.04604508,ALPHA_326USDT
BSC,56,0x6685906b75c61c57772c335402f594f855c1b0e3,WILD,Wilder World,1755432000000,2025-08-17T12:00:00+00:00,0.47,ALPHA_325USDT
BSC,56,0xfa35e2250e376c23955247383dc32c79082e7fcc,FST,FreeStyle Classic,1756026000000,2025-08-24T09:00:00+00:00,0.05767917,ALPHA_336USDT
BSC,56,0x5d3a12c42e5372b2cc3264ab3cdcf660a1555238,ARIA,AriaAI,1755777600000,2025-08-21T12:00:00+00:00,0.0713707,ALPHA_332USDT
BSC,56,0x374c5fb7979d5fdbaad2d95409e235e5cbdfd43c,MLK,MiL.k,1755331200000,2025-08-16T08:00:00+00:00,0.16256939,ALPHA_324USDT
BSC,56,0xc23db46993f643f1fa0494cd30f9f43505885d84,TCOM,TCOM Global,1755259200000,2025-08-15T12:00:00+00:00,0.10479637,ALPHA_323USDT
BSC,56,0x87aa6aeb62ff128aaa96e275d7b24cd12a72aba1,PUBLIC,PublicAI,1755243000000,2025-08-15T07:30:00+00:00,0.07877273,ALPHA_322USDT
BSC,56,0x1f34c87ded863fe3a3cd76fac8ada9608137c8c3,OVL,Overlay Protocol,1755161100000,2025-08-14T08:45:00+00:00,0.49956293,ALPHA_320USDT
BSC,56,0x96adaa33e175f4a7f20c099730bc78dd0b45745b,AIBOT,CherryAI,1755165900000,2025-08-14T10:05:00+00:00,0.03456397,ALPHA_321USDT
BSC,56,0x1e3dbc0aad9671fdd31e58b2fcc6cf1ca9947994,WAI,WORLD3,1754985600000,2025-08-12T08:00:00+00:00,0.05501441,ALPHA_319USDT
BSC,56,0xfc5a743271672e91d77f0176e5cea581fbd5d834,SLAY,SatLayer,1754906400000,2025-08-11T10:00:00+00:00,0.11441466,ALPHA_318USDT
BSC,56,0xe32f9e8f7f7222fcd83ee0fc68baf12118448eaf,XCX,Xeleb Protocol,1754899200000,2025-08-11T08:00:00+00:00,0.07421386,ALPHA_317USDT
BSC,56,0x825459139c897d769339f295e962396c4f9e4a4d,GAME,GameBuild,1754809200000,2025-08-10T07:00:00+00:00,0.00397395,ALPHA_316USDT
BSC,56,0xf9ca3fe094212ffa705742d3626a8ab96aababf8,DAM,Reservoir,1755514800000,2025-08-18T11:00:00+00:00,0.14329497,ALPHA_327USDT
BSC,56,0x1aecab957bad4c6e36dd29c3d3bb470c4c29768a,BSU,Baby Shark Universe,1754730000000,2025-08-09T09:00:00+00:00,0.079,ALPHA_315USDT
BSC,56,0x0a73d885cdd66adf69c6d64c0609e55c527db2be,K,Sidekick,1754636400000,2025-08-08T07:00:00+00:00,0.44714513,ALPHA_314USDT
BSC,56,0x0510101ec6c49d24ed911f0011e22a0d697ee776,X,TaleX,1754564400000,2025-08-07T11:00:00+00:00,0.05560003,ALPHA_313USDT
BSC,56,0x61fac5f038515572d6f42d4bcb6b581642753d50,IN,INFINIT,1754557200000,2025-08-07T09:00:00+00:00,0.09032753,ALPHA_312USDT
BSC,56,0x238d72e179a581c98dc1996417a49818c7e509dc,FIR,Fireverse,1754478000000,2025-08-06T11:00:00+00:00,0.06036873,ALPHA_311USDT
BSC,56,0x00000000bca93b25a6694ca3d2109d545988b13b,TOWNS,Towns,1754397000000,2025-08-05T12:30:00+00:00,0.06597854,ALPHA_308USDT
BSC,56,0xb05f4747eb3d18a3fa4aa3e5c627f02ccc70d005,DARKSTAR,DarkStar,1754308800000,2025-08-04T12:00:00+00:00,0.06153473,ALPHA_307USDT
BSC,56,0x5845684b49aef79a5c0f887f50401c247dca7ac6,CYC,Cycle Network,1754305200000,2025-08-04T11:00:00+00:00,0.053,ALPHA_306USDT
BSC,56,0xa5346f91a767b89a0363a4309c8e6c5adc0c4a59,MM,MOMOFUN,1754208000000,2025-08-03T08:00:00+00:00,0.0017532,ALPHA_305USDT
BSC,56,0xa22159faca8bf5c57a48888a2d4ddafc88e4ddeb,AIO,OLAXBT,1754128800000,2025-08-02T10:00:00+00:00,0.05871672,ALPHA_304USDT
BSC,56,0x6a2608dabe09bc1128eec7275b92dfb939d5db3f,TOSHI,Toshi,1754038800000,2025-08-01T09:00:00+00:00,0.00051144,ALPHA_303USDT
BSC,56,0x7cea5b9548a4b48cf9551813ef9e73de916e41e0,MIA,MIA,1754031600000,2025-08-01T07:00:00+00:00,0.07722063,ALPHA_302USDT
BSC,56,0x1b379a79c91a540b2bcd612b4d713f31de1b80cc,NAORIS,Naoris Protocol,1753963200000,2025-07-31T12:00:00+00:00,0.12929626,ALPHA_301USDT
BSC,56,0x4c067de26475e1cefee8b8d1f6e2266b33a2372e,RHEA,Rhea Finance,1753882200000,2025-07-30T13:30:00+00:00,0.05737644,ALPHA_299USDT
BSC,56,0xd715cc968c288740028be20685263f43ed1e4837,GAIA,Gaia,1753862400000,2025-07-30T08:00:00+00:00,0.08659525,ALPHA_298USDT
BSC,56,0x19ed254efa5e061d28d84650891a3db2a9940c16,SUP,Superp,1754388000000,2025-08-05T10:00:00+00:00,0.062,ALPHA_309USDT
BSC,56,0x7ddf164cecfddd0f992299d033b5a11279a15929,PROVE,Succinct,1754406000000,2025-08-05T15:00:00+00:00,1.41704654,ALPHA_310USDT
BSC,56,0x77146784315ba81904d654466968e3a7c196d1f3,TREE,Treehouse,1753790400000,2025-07-29T12:00:00+00:00,1.03982678,ALPHA_297USDT
BSC,56,0x23ccab1de32e06a6235a7997c266f86440c2cbe6,DELABS,Delabs Games,1753697100000,2025-07-28T10:05:00+00:00,0.01799914,ALPHA_296USDT
BSC,56,0xba38b3c706f7a515ff7c8db04daa0a134ec46d2b,USELESS,USELESS COIN,1753671600000,2025-07-28T03:00:00+00:00,0.38,ALPHA_295USDT
BSC,56,0x1d58e204ca59328007469a614522903d69dc0a4c,VRA,Verasity,1753599600000,2025-07-27T07:00:00+00:00,0.00125081,ALPHA_294USDT
BSC,56,0xd029b392580d555f35cca1987f27d248cf883716,PHY,DePHY Network,1753516800000,2025-07-26T08:00:00+00:00,0.06892409,ALPHA_293USDT
BSC,56,0x6d2ebdf6d551d8408e7d896e9a1ec6f84806e193,LN,Lnfi Network,1753430400000,2025-07-25T08:00:00+00:00,0.06314164,ALPHA_292USDT
BSC,56,0x7a986ba67227acfab86385ff33436a80e2bb4cc5,PUNDIAI,Pundi AI,1753429500000,2025-07-25T07:45:00+00:00,5.22804031,ALPHA_291USDT
BSC,56,0xf86089b30f30285d492b0527c37b9c2225bfcf8c,PLAY,PlaysOut,1753948800000,2025-07-31T08:00:00+00:00,0.03351074,ALPHA_300USDT
BSC,56,0xad8c787992428cd158e451aab109f724b6bc36de,ASP,Aspecta,1753351200000,2025-07-24T10:00:00+00:00,0.58414176,ALPHA_290USDT
BSC,56,0xe3225e11cab122f1a126a28997788e5230838ab9,XNY,Codatta XNY,1753272300000,2025-07-23T12:05:00+00:00,0.0065633,ALPHA_289USDT
BSC,56,0xa992ffb0c9b753307b9704079c61db4e405deffd,COA,Alliance Games,1753261200000,2025-07-23T09:00:00+00:00,0.03131801,ALPHA_288USDT
BSC,56,0xf970706063b7853877f39515c96932d49d5ac9cd,YALA,Yala,1753185600000,2025-07-22T12:00:00+00:00,0.3732943,ALPHA_286USDT
BSC,56,0xa8d3dee6671c4fdac4743a1eb1f276eabd4ba302,ZKWASM,ZKWASM,1753178700000,2025-07-22T10:05:00+00:00,0.07552267,ALPHA_287USDT
BSC,56,0x00312400303d02c323295f6e8b7309bc30fb6bce,ERA,Caldera,1752759000000,2025-07-17T13:30:00+00:00,0.75992981,ALPHA_280USDT
BSC,56,0x539ae81a166e5e80aed211731563e549c411b140,TA,Trusta.AI,1753081200000,2025-07-21T07:00:00+00:00,0.11915482,ALPHA_285USDT
Solana,CT_501,gpekud3jpjdc5d3gek8uvcb6vaiahgmduzmqfnf5btai,G,GIANTS,1752843600000,2025-07-18T13:00:00+00:00,0.00085002,ALPHA_282USDT
BSC,56,0x1219c409fabe2c27bd0d1a565daeed9bd9f271de,TAC,TAC,1752573600000,2025-07-15T10:00:00+00:00,0.04240844,ALPHA_277USDT
BSC,56,0xc0c240c870606a5cb3150795e2d0dfff9f1f7456,RION,Hyperion,1752671760000,2025-07-16T13:16:00+00:00,0.62452113,ALPHA_278USDT
BSC,56,0xf39e4b21c84e737df08e2c3b32541d856f508e48,ESPORTS,Yooldo Games,1752915600000,2025-07-19T09:00:00+00:00,0.06216955,ALPHA_283USDT
BSC,56,0xc19539eb93444523ec8f1432624924d2e6226546,TAKER,Taker Protocol,1752832800000,2025-07-18T10:00:00+00:00,0.06954315,ALPHA_281USDT
Solana,CT_501,pumpcmxqmfrsakq5r49wcjnrayyrqmxz6ae8h7h9dfn,PUMP,Pump.fun,1752546000000,2025-07-15T02:20:00+00:00,0.005706,ALPHA_276USDT
BSC,56,0x4e200fe2f3efb977d5fd9c430a41531fb04d97b8,ORDER,Orderly Network,1752739200000,2025-07-17T08:00:00+00:00,0.08497909,ALPHA_279USDT
BSC,56,0x8a0db359c38414b5f145f65cc1c69d9253067c43,UPTOP,UPTOP,1752994800000,2025-07-20T07:00:00+00:00,0.03547508,ALPHA_284USDT
BSC,56,0xc32cc70741c3a8433dcbcb5ade071c299b55ffc8,C,Chainbase,1752494400000,2025-07-14T12:00:00+00:00,0.06098295,ALPHA_275USDT
BSC,56,0x1a9fd6ec3144da3dd6ea13ec1c25c58423a379b1,SPA,Sperax,1752415200000,2025-07-13T14:00:00+00:00,0.01324564,ALPHA_274USDT
BSC,56,0x8b9ee39195ea99d6ddd68030f44131116bc218f6,PEAQ,peaq,1752303600000,2025-07-12T07:00:00+00:00,0.07843377,ALPHA_273USDT
BSC,56,0x37eff3ff1321fb9abc734761ca72fafdc044534a,TALE,PrompTale AI,1752229800000,2025-07-11T10:30:00+00:00,0.13587733,ALPHA_270USDT
BSC,56,0x8b194370825e37b33373e74a41009161808c1488,VELVET,Velvet,1752141900000,2025-07-10T10:05:00+00:00,0.03213414,ALPHA_267USDT
BSC,56,0x6f0037c79d144d5b8e3e6f04e49fbb5f25fd508f,RCADE,RCADE,1752062400000,2025-07-09T12:00:00+00:00,0.00629772,ALPHA_265USDT
Ethereum,1,0x553f4cb7256d8fc038e91d36cb63fa7c13b624ab,TANSSI,TANSSI,1752059100000,2025-07-09T11:05:00+00:00,0.06072117,ALPHA_266USDT
BSC,56,0xb035723d62e0e2ea7499d76355c9d560f13ba404,OIK,Space Nation,1751979600000,2025-07-08T13:00:00+00:00,0.053,ALPHA_264USDT
BSC,56,0xb7e548c4f133adbb910914d7529d5cb00c2e9051,PAL,Palio,1751882700000,2025-07-07T10:05:00+00:00,0.03109735,ALPHA_262USDT
BSC,56,0xce7c3b5e058c196a0eaaa21f8e4bf8c2c07c2935,BOOM,Boom,1751969100000,2025-07-08T10:05:00+00:00,0.04536,ALPHA_263USDT
BSC,56,0x75a5863a19af60ec0098d62ed8c34cc594fb470f,MPLX,Metaplex,1751806800000,2025-07-06T13:00:00+00:00,0.1,ALPHA_261USDT
BSC,56,0x9558a9254890b2a8b057a789f413631b9084f4a3,AIN,Infinity Ground,1751706000000,2025-07-05T09:00:00+00:00,0.022,ALPHA_260USDT
BSC,56,0x22b1458e780f8fa71e2f84502cee8b5a3cc731fa,M,MemeCore,1751529600000,2025-07-03T08:00:00+00:00,0.04291447,ALPHA_257USDT
BSC,56,0x57df399cace62f98a74bffdffbb264e6f31bd982,PFVS,Puffverse,1751526060000,2025-07-03T07:01:00+00:00,0.01300661,ALPHA_256USDT
BSC,56,0xf4b385849f2e817e92bffbfb9aeb48f950ff4444,EGL1,EGL1,1751364900000,2025-07-01T10:15:00+00:00,0.06076446,ALPHA_254USDT
BSC,56,0xa4b68d48d7bc6f04420e8077e6f74bdef809dea3,BGSC,BUGSCOIN,1751358600000,2025-07-01T08:30:00+00:00,0.006,ALPHA_253USDT
BSC,56,0x2f714d7b9a035d4ce24af8d9b6091c07e37f43fb,NODE,NodeOps,1751277900000,2025-06-30T10:05:00+00:00,0.04664844,ALPHA_252USDT
BSC,56,0x5c8daeabc57e9249606d3bd6d1e097ef492ea3c5,FUEL,FUEL,1751202000000,2025-06-29T13:00:00+00:00,0.0069,ALPHA_251USDT
BSC,56,0x20482b0b4d9d8f60d3ab432b92f4c4b901a0d10c,REKT,Rekt,1751115600000,2025-06-28T13:00:00+00:00,2.237e-07,ALPHA_250USDT
BSC,56,0x0c78d4605c2972e5f989de9019de1fb00c5d3462,CESS,CESS Network,1751018400000,2025-06-27T10:00:00+00:00,0.00274244,ALPHA_249USDT
BSC,56,0xfe723495f73714426493384eb5e49aa5b827e1d5,MORE,Moonveil,1751025600000,2025-06-27T12:00:00+00:00,0.09840076,ALPHA_248USDT
BSC,56,0xfdffb411c4a70aa7c95d5c981a6fb4da867e1111,SAHARA,Sahara AI,1750932000000,2025-06-26T10:00:00+00:00,0.15,ALPHA_247USDT
BSC,56,0x44f161ae29361e332dea039dfa2f404e0bc5b5cc,H,Humanity,1750842000000,2025-06-25T09:00:00+00:00,0.06,ALPHA_245USDT
BSC,56,0xb8a677e6d805c8d743e6f14c8bc9c19305b5defc,NEWT,Newton (NEWT),1750770000000,2025-06-24T13:00:00+00:00,0.51576856,ALPHA_244USDT
BSC,56,0x06238c1b8e618abedf17669228dc95fb2d2e210b,ECHO,Echo Protocol,1751450400000,2025-07-02T10:00:00+00:00,0.03514627,ALPHA_255USDT
BSC,56,0xb40f2e5291c3db45abb0ca8df76f1c21e9f112a9,BRIC,BRIC,1750500000000,2025-06-21T10:00:00+00:00,0.03806923,ALPHA_239USDT
BSC,56,0x595e21b20e78674f8a64c1566a20b2b316bc3511,BULLA,BULLA,1750586400000,2025-06-22T10:00:00+00:00,0.08221401,ALPHA_240USDT
BSC,56,0xbfe78de7d1c51e0868501d5fa3e88e674c79acdd,LOT,League of Traders,1750413900000,2025-06-20T10:05:00+00:00,0.01495468,ALPHA_238USDT
BSC,56,0x39702843a6733932ec7ce0dde404e5a6dbd8c989,AVAIL,Avail (Wormhole),1750402800000,2025-06-20T07:00:00+00:00,0.0284,ALPHA_237USDT
BSC,56,0xfe2dd2d57a05f89438f3aec94eafa4070396bab0,MAT,Matchain,1750334340000,2025-06-19T11:59:00+00:00,5.22917146,ALPHA_236USDT
BSC,56,0xdb6f1f098b55e36b036603c8e54663a8d907d6e1,BEE,BEE,1750241160000,2025-06-18T10:06:00+00:00,0.03,ALPHA_235USDT
BSC,56,0x208bf3e7da9639f1eaefa2de78c23396b0682025,TAG,Tagger,1750218360000,2025-06-18T03:46:00+00:00,0.00017811,ALPHA_233USDT
BSC,56,0x3c8d20001fe883934a15c949a3355a65ca984444,Janitor,Janitor,1750218360000,2025-06-18T03:46:00+00:00,0.01783492,ALPHA_234USDT
BSC,56,0x7e975d85714b11d862c7cffee3c88d565a139eb7,BOMB,Bombie,1750154700000,2025-06-17T10:05:00+00:00,0.00472706,ALPHA_232USDT
BSC,56,0xaff2e841851700d1fc101995ee6b81ae21bb87d7,SPK,Spark,1750147200000,2025-06-17T08:00:00+00:00,0.07070782,ALPHA_231USDT
BSC,56,0xc08cd26474722ce93f4d0c34d16201461c10aa8c,CARV,CARV,1750662000000,2025-06-23T07:00:00+00:00,0.22369242,ALPHA_241USDT
BSC,56,0x0e7779e698052f8fe56c415c3818fcf89de9ac6d,ULTI,Ultiverse Token,1750068000000,2025-06-16T10:00:00+00:00,0.00197809,ALPHA_230USDT
BSC,56,0x3fefe29da25bea166fb5f6ade7b5976d2b0e586b,ROAM,Roam,1749819600000,2025-06-13T13:00:00+00:00,0.16,ALPHA_226USDT
BSC,56,0xe0a441d23cedb44822dfc8562e4d8d39c6b7f946,SGC,SGC,1749809160000,2025-06-13T10:06:00+00:00,0.00655,ALPHA_225USDT
BSC,56,0x5e0d6791edbeeba6a14d1d38e2b8233257118eb1,MGO,MGO,1750755540000,2025-06-24T08:59:00+00:00,0.03428999,ALPHA_242USDT
BSC,56,0x67aa700ab0110cc52bf7f308fe25068e87a0f581,PUNDIAI,PUNDI AI,1749708000000,2025-06-12T06:00:00+00:00,8.75442643,ALPHA_224USDT
BSC,56,0x3b4de3c7855c03bb9f50ea252cd2c9fa1125ab07,IDOL,MEET48 Token,1749636300000,2025-06-11T10:05:00+00:00,0.017,ALPHA_223USDT
BSC,56,0x4bfaa776991e85e5f8b1255461cbbd216cfc714f,HOME,Defi App,1749553200000,2025-06-10T11:00:00+00:00,0.03166149,ALPHA_221USDT
BSC,56,0x61dbbbb552dc893ab3aad09f289f811e67cef285,SKATE,Skate,1749463200000,2025-06-09T10:00:00+00:00,0.15649877,ALPHA_219USDT
BSC,56,0x95034f653d5d161890836ad2b6b8cc49d14e029a,AB,AB,1749276000000,2025-06-07T06:00:00+00:00,0.0105559,ALPHA_217USDT
BSC,56,0xc1353d3ee02fdbd4f65f92eee543cfd709049cb1,CUDIS,CUDIS,1749117960000,2025-06-05T10:06:00+00:00,0.08443493,ALPHA_215USDT
BSC,56,0xf486ad071f3bee968384d2e39e2d8af0fcf6fd46,VELO,Velo Protocol,1750057200000,2025-06-16T07:00:00+00:00,0.0102,ALPHA_229USDT
BSC,56,0xda6cef7f667d992a60eb823ab215493aa0c6b360,RESOLV,Resolv,1749560400000,2025-06-10T13:00:00+00:00,0.26948599,ALPHA_222USDT
BSC,56,0xc9ccbd76c2353e593cc975f13295e8289d04d3bb,F,SynFutures,1749974400000,2025-06-15T08:00:00+00:00,0.01110965,ALPHA_228USDT
BSC,56,0x389ad4bb96d0d6ee5b6ef0efaf4b7db0ba2e02a0,LA,Lagrange,1749038400000,2025-06-04T12:00:00+00:00,0.53545435,ALPHA_212USDT
BSC,56,0x3f160760535eb715d5809a26cf55408a2d9844c1,OL,Open Loot,1749362460000,2025-06-08T06:01:00+00:00,0.0493376,ALPHA_218USDT
BSC,56,0x1036b2379f506761f237fba7463857924ef21ce3,BDXN,Bondex Token,1748944800000,2025-06-03T10:00:00+00:00,0.16363912,ALPHA_210USDT
BSC,56,0xdac991621fd8048d9f235324780abd6c3ad26421,ZRC,Zircuit,1748939400000,2025-06-03T08:30:00+00:00,0.03421261,ALPHA_211USDT
BSC,56,0x0c808f0464c423d5ea4f4454fcc23b6e2ae75562,EDGEN,LayerEdge,1748860200000,2025-06-02T10:30:00+00:00,0.03920872,ALPHA_208USDT
BSC,56,0x30c60b20c25b2810ca524810467a0c342294fc61,TAIKO,Taiko Token,1748671200000,2025-05-31T06:00:00+00:00,0.68133715,ALPHA_207USDT
BSC,56,0xd86e6ef14b96d942ef0abf0720c549197ea8c528,RDO,RDO Token,1748513100000,2025-05-29T10:05:00+00:00,0.00933939,ALPHA_205USDT
BSC,56,0x74da4c5f8c254dd4fb39f9804c0924f52a808318,CA,Caila,1749044700000,2025-06-04T13:45:00+00:00,0.01021,ALPHA_214USDT
BSC,56,0x31dba3c96481fde3cd81c2aaf51f2d8bf618c742,SOPH,Sophon,1748433900000,2025-05-28T12:05:00+00:00,0.12157093,ALPHA_204USDT
Ethereum,1,0x3157874a7508fcf972379d24590c6806522b784f,PFVS,Puffverse Token,1748347200000,2025-05-27T12:00:00+00:00,0.1,ALPHA_203USDT
BSC,56,0x799a290f9cc4085a0ce5b42b5f2c30193a7a872b,ELDE,Elderglade,1748340360000,2025-05-27T10:06:00+00:00,0.192,ALPHA_202USDT
BSC,56,0x92516e0ddf1ddbf7fab1b79cac26689fdc5ba8e6,HUMA,Huma Finance,1748257200000,2025-05-26T11:00:00+00:00,0.09957742,ALPHA_201USDT
BSC,56,0xcef5b397051fc92026249670e918c0ad7b8585e4,OBT,Orbiter Token,1748073600000,2025-05-24T08:00:00+00:00,0.01457329,ALPHA_200USDT
BSC,56,0x9c8b5ca345247396bdfac0395638ca9045c6586e,RWA,Allo,1747910100000,2025-05-22T10:35:00+00:00,0.00830986,ALPHA_198USDT
BSC,56,0x6c58e4a513d3a8062e57f41a1442e003af14ebb5,TGT,TOKYO GAMES TOKEN,1747821720000,2025-05-21T10:02:00+00:00,0.14789074,ALPHA_196USDT
BSC,56,0x6bdcce4a559076e37755a78ce0c06214e59e4444,B,BUILDon,1747825200000,2025-05-21T11:00:00+00:00,0.04616177,ALPHA_197USDT
BSC,56,0x103071da56e7cd95b415320760d6a0ddc4da1ca5,XTER,Xterio,1747641600000,2025-05-19T08:00:00+00:00,0.37776958,ALPHA_194USDT
BSC,56,0x90869b3a42e399951bd5f5ff278b8cc5ee1dc0fe,REX,REX,1747462260000,2025-05-17T06:11:00+00:00,0.0235,ALPHA_193USDT
Solana,CT_501,5evn2exivzxjflaa1khhfijkwfwh8znqyh36w1sfz89y,MIRAI,Project MIRAI,1751455260000,2025-07-02T11:21:00+00:00,0.00669201,ALPHA_192USDT
BSC,56,0xf7626c7ff7b778aaf187d508d056a9398d9545d1,ASRR,Assisterr AI,1748610000000,2025-05-30T13:00:00+00:00,0.72247739,ALPHA_206USDT
BSC,56,0x5dbde81fce337ff4bcaaee4ca3466c00aecae274,AGT,Alaya Governance Token,1747386300000,2025-05-16T09:05:00+00:00,0.01421005,ALPHA_191USDT
BSC,56,0xb4357054c3da8d46ed642383f03139ac7f090343,PORT3,Port3 Network,1747227360000,2025-05-14T12:56:00+00:00,0.03132098,ALPHA_188USDT
BSC,56,0x899357e54c2c4b014ea50a9a7bf140ba6df2ec73,PRAI,Privasea AI,1747224300000,2025-05-14T12:05:00+00:00,0.08664315,ALPHA_185USDT
BSC,56,0x87d00066cf131ff54b72b134a217d5401e5392b6,PUFFER,PUFFER,1747036860000,2025-05-12T08:01:00+00:00,0.38169969,ALPHA_180USDT
Solana,CT_501,ed5nyywezpppiwimp8vym7sd7td3lat3q3grtwhzpjby,MOODENG,Moo Deng,1751448300000,2025-07-02T09:25:00+00:00,0.14021384,ALPHA_178USDT
Solana,CT_501,czlsujwblfssjncfkh59rufqvafwcy5tzedwjsuypump,GOAT,Goatseus Maximus,1751460060000,2025-07-02T12:41:00+00:00,0.09472845,ALPHA_179USDT
BSC,56,0x722294f6c97102fb0ddb5b907c8d16bdeab3f6d9,DOOD,Doodles,1746795600000,2025-05-09T13:00:00+00:00,0.045,ALPHA_177USDT
BSC,56,0xcf640fdf9b3d9e45cbd69fda91d7e22579c14444,gorilla,gorilla,1746686760000,2025-05-08T06:46:00+00:00,0.00866689,ALPHA_175USDT
Ethereum,1,0x0b010000b7624eb9b3dfbc279673c76e9d29d5f7,OBOL,Obol Network,1746612060000,2025-05-07T10:01:00+00:00,0.54,ALPHA_174USDT
BSC,56,0xc71b5f631354be6853efe9c3ab6b9590f8302e81,ZKJ,Polyhedra Network,1746597780000,2025-05-07T06:03:00+00:00,2.16097288,ALPHA_173USDT
BSC,56,0xf2b51cc1850fed939658317a22d73d3482767591,NXPC,NXPC,1747288800000,2025-05-15T06:00:00+00:00,1.54568682,ALPHA_189USDT
BSC,56,0x74836cc0e821a6be18e407e6388e430b689c66e9,Jager,Jager Hunter,1746458520000,2025-05-05T15:22:00+00:00,1.755e-09,ALPHA_169USDT
BSC,56,0xa49fa5e8106e2d6d6a69e78df9b6a20aab9c4444,DONKEY,donkey,1746458640000,2025-05-05T15:24:00+00:00,0.0078276,ALPHA_170USDT
Solana,CT_501,dithyrmqisdhn5cnkmjv2cddt6svct96yrecim49pump,House,Housecoin,1751447220000,2025-07-02T09:07:00+00:00,0.01968931,ALPHA_166USDT
Solana,CT_501,38pgzpjyu2hkiyvv8qepfakb8tuobpdgm2ffen7dpump,gork,New XAI gork,1751450160000,2025-07-02T09:56:00+00:00,0.00527106,ALPHA_167USDT
BSC,56,0x3d9be0ac1001cd81c32464276d863d2ffdca4967,HAEDAL,Haedal,1745928240000,2025-04-29T12:04:00+00:00,0.1,ALPHA_161USDT
BSC,56,0x7b4bf9feccff207ef2cb7101ceb15b8516021acd,MILK,MilkyWay,1745922180000,2025-04-29T10:23:00+00:00,0.15,ALPHA_160USDT
Ethereum,1,0x0f81001ef0a83ecce5ccebf63eb302c70a39a654,DOLO,Dolomite,1745500500000,2025-04-24T13:15:00+00:00,0.07958345,ALPHA_157USDT
BSC,56,0x868fced65edbf0056c4163515dd840e9f287a4c3,SIGN,Sign,1745834520000,2025-04-28T10:02:00+00:00,0.08,ALPHA_159USDT
BSC,56,0x55ad16bd573b3365f43a9daeb0cc66a73821b4a5,AIOT,OKZOO,1745577180000,2025-04-25T10:33:00+00:00,0.125,ALPHA_158USDT
BSC,56,0x92aa03137385f18539301349dcfc9ebc923ffb10,SKYAI,SKYAI,1745378040000,2025-04-23T03:14:00+00:00,0.04528502,ALPHA_154USDT
Solana,CT_501,5uuh9rtdispq6hks6bp4ndu9pnjpxrxuiw6shbtbhgh2,TROLL,TROLL,1751447280000,2025-07-02T09:08:00+00:00,0.01987419,ALPHA_155USDT
BSC,56,0x9a70815dfb644a24b57358e1041f8d0324c8f6e1,BOOP,BOOP,1746425460000,2025-05-05T06:11:00+00:00,0.447,ALPHA_168USDT
Ethereum,1,0xe0f63a424a4439cbe457d80e4f4b51ad25b2c56c,SPX,SPX6900,1745831040000,2025-04-28T09:04:00+00:00,0.619,ALPHA_148USDT
Ethereum,1,0xaaee1a9723aadb7afa2810263653a34ba2c21c7a,MOG,Mog Coin,1745236920000,2025-04-21T12:02:00+00:00,4.994e-07,ALPHA_149USDT
Ethereum,1,0x0000000000c5dc95539589fbd24be07c6c14eca4,CULT,Milady Cult Coin,1745236140000,2025-04-21T11:49:00+00:00,0.00065554,ALPHA_151USDT
Solana,CT_501,7gcihgdb8fe6knjn2mytkzzcrjqy3t9ghdc8uhymw2hr,POPCAT,Popcat,1751447160000,2025-07-02T09:06:00+00:00,0.2823092,ALPHA_150USDT
BSC,56,0xd8002d4bd1d50136a731c141e3206d516e6d3b3d,GM,GOMBLE,1744900200000,2025-04-17T14:30:00+00:00,0.03811995,ALPHA_144USDT
Solana,CT_501,8btothi2zoxnf7qqk1wjmh2jubw9fjvvhngmvz2vpump,DARK,Dark Eclipse,1751452620000,2025-07-02T10:37:00+00:00,0.00274679,ALPHA_143USDT
BSC,56,0x6952c5408b9822295ba4a7e694d0c5ffdb8fe320,FAIR3,Fair and Free,1744708500000,2025-04-15T09:15:00+00:00,0.01640845,ALPHA_142USDT
Ethereum,1,0x28d38df637db75533bd3f71426f3410a82041544,PROMPT,Wayfinder,1745167140000,2025-04-20T16:39:00+00:00,0.27897541,ALPHA_141USDT
BSC,56,0xd55c9fb62e176a8eb6968f32958fefdd0962727e,FHE,Mind Network,1744903740000,2025-04-17T15:29:00+00:00,0.07269475,ALPHA_140USDT
Solana,CT_501,c3dwdjt17gdvvcyc2nsdghxdhvmqrdhkfpadqq29pump,RFC,Retard Finder Coin,1751447280000,2025-07-02T09:08:00+00:00,0.00659041,ALPHA_139USDT
Solana,CT_501,8oosbx7jjrzxm5m4thkhbpvwwg4qpoae6i4gig19pump,Wizard,Wizard Gang,1751449500000,2025-07-02T09:45:00+00:00,0.00087131,ALPHA_156USDT
BSC,56,0x3dc8e2d80b6215a1bccae4d38715c3520581e77c,EPT,Balance,1745237760000,2025-04-21T12:16:00+00:00,0.02221268,ALPHA_147USDT
Ethereum,1,0xf091867ec603a6628ed83d274e835539d82e9cc8,ZETA,Zeta,1758034980000,2025-09-16T15:03:00+00:00,0.18724601,ALPHA_136USDT
BSC,56,0xdaf1695c41327b61b9b9965ac6a5843a3198cf07,STO,StakeStone,1745121840000,2025-04-20T04:04:00+00:00,0.1054203,ALPHA_138USDT
Ethereum,1,0x5afe3855358e112b5647b952709e6165e1c1eeee,SAFE,Safe Token,1744906680000,2025-04-17T16:18:00+00:00,0.40747865,ALPHA_137USDT
BSC,56,0xb7c0007ab75350c582d5eab1862b872b5cf53f0c,PUMPBTC,pumpBTC Governance Token,1744906500000,2025-04-17T16:15:00+00:00,0.16613753,ALPHA_131USDT
Solana,CT_501,grass7b4rdkfbcjtkgsqnxkqjwigvqyfbuscujr3xxjs,GRASS,Grass,1751448120000,2025-07-02T09:22:00+00:00,1.069,ALPHA_132USDT
Ethereum,1,0xbe0ed4138121ecfc5c0e56b40517da27e6c5226b,ATH,Aethir Token,1744940940000,2025-04-18T01:49:00+00:00,0.02721083,ALPHA_133USDT
Solana,CT_501,mew1gqwj3nexg2qgeriku7fafj79phvqvrequzscpp5,MEW,cat in a dogs world,1751456400000,2025-07-02T11:40:00+00:00,0.0025742,ALPHA_134USDT
Solana,CT_501,4tbi66vi32s7j8x1a6ewfalhymuxu7cstcemsjqdpump,Ghibli,Ghiblification,1751449500000,2025-07-02T09:45:00+00:00,0.00173377,ALPHA_129USDT
BSC,56,0x795d2710e383f33fbebe980a155b29757b6703f3,Ghibli,GhibliCZ,1752484620000,2025-07-14T09:17:00+00:00,0.00119983,ALPHA_130USDT
BSC,56,0x996d1b997203a024e205069a304161ba618d1c61,TAT,Tell A Tale,1752483540000,2025-07-14T08:59:00+00:00,0.00155923,ALPHA_123USDT
BSC,56,0x3ca729bfd4bbad155f072752510226b37a5b7723,AGON,AGON Agent,1745100720000,2025-04-19T22:12:00+00:00,0.00952546,ALPHA_126USDT
BSC,56,0x4fa7c69a7b69f8bc48233024d546bc299d6b03bf,quq,quq,1752381480000,2025-07-13T04:38:00+00:00,0.0048,ALPHA_124USDT
BSC,56,0xabd834a7823567673e1ac07635d5d9857b34a8d3,AFT,AIFlow Token,1744903740000,2025-04-17T15:29:00+00:00,0.02690297,ALPHA_119USDT
BSC,56,0x3199a64bc8aabdfd9a3937a346cc59c3d81d8a9a,Mubarakah,Mubarakah,1752483360000,2025-07-14T08:56:00+00:00,0.0020141,ALPHA_121USDT
BSC,56,0x503fa24b7972677f00c4618e5fbe237780c1df53,KILO,KiloEx,1744948980000,2025-04-18T04:03:00+00:00,0.03932085,ALPHA_128USDT
BSC,56,0xff7d6a96ae471bbcd7713af9cb1feeb16cf56b41,BR,Bedrock,1744296360000,2025-04-10T14:46:00+00:00,0.06613375,ALPHA_118USDT
Ethereum,1,0x4c1746a800d224393fe2470c70a35717ed4ea5f1,PLUME,Plume,1744965840000,2025-04-18T08:44:00+00:00,0.16341225,ALPHA_122USDT
BSC,56,0xd5369a3cac0f4448a9a96bb98af9c887c92fc37b,BUBB,Bubb,1744884000000,2025-04-17T10:00:00+00:00,0.0028,ALPHA_125USDT
BSC,56,0xdc06717f367e57a16e06cce0c4761604460da8fc,BNB Card,BNB Card,1744918380000,2025-04-17T19:33:00+00:00,0.00188905,ALPHA_120USDT
Solana,CT_501,fer8vbqnrsud5ntxaj2n3j1dahkzhfydktkulxd4pump,jellyjelly,jelly-my-jelly,1751447040000,2025-07-02T09:04:00+00:00,0.01872164,ALPHA_111USDT
Solana,CT_501,1qf8gesp4i6cfnwerusddlkj9u1lpqtyvjj2mm4pain,PAIN,PAIN,1751357400000,2025-07-01T08:10:00+00:00,1.09876925,ALPHA_112USDT
BSC,56,0x9beee89723ceec27d7c2834bec6834208ffdc202,AVL,AVL,1744891500000,2025-04-17T12:05:00+00:00,0.218,ALPHA_114USDT
BSC,56,0xfebe8c1ed424dbf688551d4e2267e7a53698f0aa,VINU,Vita Inu,1744903680000,2025-04-17T15:28:00+00:00,1.105e-08,ALPHA_113USDT
Ethereum,1,0x6f40d4a6237c257fff2db00fa0510deeecd303eb,FLUID,Fluid,1744620420000,2025-04-14T08:47:00+00:00,3.8,ALPHA_105USDT
BSC,56,0x4507cef57c46789ef8d1a19ea45f4216bae2b528,TOKEN,TokenFi,1744912080000,2025-04-17T17:48:00+00:00,0.0131699,ALPHA_107USDT
Ethereum,1,0x66761fa41377003622aee3c7675fc7b5c1c2fac5,CPOOL,Clearpool,1744904340000,2025-04-17T15:39:00+00:00,0.13228709,ALPHA_109USDT
BSC,56,0x997a58129890bbda032231a52ed1ddc845fc18e1,SIREN,SIREN,1744907640000,2025-04-17T16:34:00+00:00,0.0461143,ALPHA_102USDT
Solana,CT_501,driftupjyltosbwon8kombeysx54afavlddwsbksjwg7,DRIFT,Drift,1751460180000,2025-07-02T12:43:00+00:00,0.37843498,ALPHA_110USDT
BSC,56,0xa18bbdcd86e4178d10ecd9316667cfe4c4aa8717,BNBXBT,BNBXBT,1744903980000,2025-04-17T15:33:00+00:00,0.00114258,ALPHA_103USDT
BSC,56,0x5043f271095350c5ac7db2384a0d9337e27c1055,PERRY,Perry,1745214660000,2025-04-21T05:51:00+00:00,0.00090884,ALPHA_101USDT
BSC,56,0x12b4356c65340fb02cdff01293f95febb1512f3b,Broccoli,Broccoli,1744903980000,2025-04-17T15:33:00+00:00,0.03723321,ALPHA_100USDT
BSC,56,0x23d3f4eaaa515403c6765bb623f287a8cca28f2b,BROCCOLI,Broccoli,1744872300000,2025-04-17T06:45:00+00:00,0.00705924,ALPHA_98USDT
Ethereum,1,0x58d97b57bb95320f9a05dc918aef65434969c2b2,MORPHO,Morpho Token,1744890600000,2025-04-17T11:50:00+00:00,0.9,ALPHA_92USDT
Ethereum,1,0xaeb3607ec434454ceb308f5cd540875efb54309a,STRDY,Sturdy Token,1744964760000,2025-04-18T08:26:00+00:00,0.6144677,ALPHA_90USDT
Solana,CT_501,8xtrwb4uaajfmp4qqhoyycwr6xxb7ybccdiqpwz9s5ws,ALON,alon,1751447640000,2025-07-02T09:14:00+00:00,0.01129137,ALPHA_86USDT
BSC,56,0xa1832f7f4e534ae557f9b5ab76de54b1873e498b,BID,CreatorBid,1744873740000,2025-04-17T07:09:00+00:00,0.03703812,ALPHA_85USDT
Solana,CT_501,98mb39tpfkqj4bif8ivg9myb9wsfpzgpgn1sxovtpump,LLM,Large Language Model,1751459880000,2025-07-02T12:38:00+00:00,0.00147582,ALPHA_80USDT
Solana,CT_501,bldiycvm3clcgz7xubpgz6idsaknmwy6mbbm8xpjpump,TRISIG,TRI SIGMA,1751458080000,2025-07-02T12:08:00+00:00,0.00146509,ALPHA_82USDT
Solana,CT_501,oraim8c9d1nkfuqk9ezgyeugxql3mhqyndrw1huvo5h,MAXONSOL,MAX,1751459100000,2025-07-02T12:25:00+00:00,0.00207656,ALPHA_81USDT
Solana,CT_501,creiuhfwdwcn5mjbmjta9bbpyqrqf2tcbuzwspwfpump,PYTHIA,PYTHIA,1751447580000,2025-07-02T09:13:00+00:00,0.03329211,ALPHA_78USDT
Ethereum,1,0x0001a500a6b18995b03f44bb040a5ffc28e45cb0,OLAS,Autonolas,1744907700000,2025-04-17T16:35:00+00:00,0.27613119,ALPHA_88USDT
Solana,CT_501,9dhe3pyctuymfk4h4bbpoaj4hqrr2kaldf6j6aakpump,BUZZ,Hive AI,1751456280000,2025-07-02T11:38:00+00:00,0.00648881,ALPHA_84USDT
Solana,CT_501,gektnfm84qfyp2gdahz5agacbrd69anmga5fdhzupump,GRIFT,ORBIT,1751460000000,2025-07-02T12:40:00+00:00,0.00769976,ALPHA_77USDT
Ethereum,1,0x81f8f0bb1cb2a06649e51913a151f0e7ef6fa321,VITA,VitaDAO Token,1745127240000,2025-04-20T05:34:00+00:00,0.79107402,ALPHA_76USDT
Solana,CT_501,fvdo7cdjarhyoh6mcytfqx71etzcpviinvdd1v86qmy5,Aimonica,Aimonica Brands,1751466720000,2025-07-02T14:32:00+00:00,0.00147881,ALPHA_75USDT
Solana,CT_501,6ajcp7wulwmrylbnbi825wgguapswzpbehchndprpump,VINE,Vine Coin,1751452680000,2025-07-02T10:38:00+00:00,0.027977,ALPHA_83USDT
Solana,CT_501,86t88w3mkt38hchtbkbweeb1rw1metceaw68qy2vpump,LMT,LIMITUS,1751456160000,2025-07-02T11:36:00+00:00,0.01055713,ALPHA_71USDT
Solana,CT_501,hjw6bechtbhgpqr8ong3izfjy5djiwdt7uk2bfdspump,SNAI,SwarmNode.ai,1751459460000,2025-07-02T12:31:00+00:00,0.00479037,ALPHA_69USDT
Ethereum,1,0x14fee680690900ba0cccfc76ad70fd1b95d10e16,$PAAL,PAAL AI,1744890600000,2025-04-17T11:50:00+00:00,0.135,ALPHA_70USDT
Solana,CT_501,axgabdftdbj2onxa4dkqfvwhzgftw9mfhwmd7vqfpump,HAT,TOP HAT,1751447940000,2025-07-02T09:19:00+00:00,0.00055433,ALPHA_68USDT
Solana,CT_501,3n2etvnppnaxhcaxgkhkoy1ydnqfs41wnxsx5qnjpump,NEUR,neur.sh,1751459700000,2025-07-02T12:35:00+00:00,0.00121193,ALPHA_66USDT
Solana,CT_501,74sbv4zdxxtrgv1pemoecskkbkzhc2ygpnc7gyvepump,swarms,swarms,1751446920000,2025-07-02T09:02:00+00:00,0.02048356,ALPHA_58USDT
Solana,CT_501,gu3ldkn7vx3bmczlafynkcdxv2mh7yn44njzfxnypump,degenai,Degen Spartan AI,1751452740000,2025-07-02T10:39:00+00:00,0.00198264,ALPHA_56USDT
Solana,CT_501,fq1tyso61ah1tzodyjfswmzsd3gtoybbrnozxubz21p8,vvaifu,Dasha,1751459040000,2025-07-02T12:24:00+00:00,0.00221572,ALPHA_55USDT
Solana,CT_501,hng5pyjmtqcmzxrv6s9zp1cdkk5bgduyfbxbvnapump,ALCH,Alchemist AI,1751460180000,2025-07-02T12:43:00+00:00,0.12776161,ALPHA_51USDT
Solana,CT_501,dfh5dzrgsvvcfdoyc2citkmrbdfrkyba4sofbpmapump,pippin,Pippin,1751454480000,2025-07-02T11:08:00+00:00,0.01578855,ALPHA_64USDT
BSC,56,0x9ec02756a559700d8d9e79ece56809f7bcc5dc27,WHY,why,1744857960000,2025-04-17T02:46:00+00:00,6.18e-08,ALPHA_49USDT
Ethereum,1,0x594daad7d77592a2b97b725a7ad59d7e188b5bfa,APU,Apu Apustaja,1744856580000,2025-04-17T02:23:00+00:00,0.0001329,ALPHA_48USDT
Solana,CT_501,happywgfcjejdzrtfwe6tihe9zgdzpnky2fvjphsvvgz,HAPPY,Happy Cat,1751460000000,2025-07-02T12:40:00+00:00,0.00160775,ALPHA_47USDT
Solana,CT_501,a8c3xuqscfmylrte3vmtqraq8kgmasius9afnanwpump,FWOG,FWOG,1751448000000,2025-07-02T09:20:00+00:00,0.04112984,ALPHA_46USDT
Ethereum,1,0x72e4f9f808c49a2a61de9c5896298920dc4eeea9,BITCOIN,HarryPotterObamaSonic10Inu,1744891380000,2025-04-17T12:03:00+00:00,0.045,ALPHA_44USDT
Solana,CT_501,dku9kyksfbn5lbffxtnndpax35o4fv6vj9fkk7pzpump,AVAAI,AVA AI,1751452620000,2025-07-02T10:37:00+00:00,0.02636863,ALPHA_42USDT
BSC,56,0x2d060ef4d6bf7f9e5edde373ab735513c0e4f944,AITECH,AITECH,1744903680000,2025-04-17T15:28:00+00:00,0.02053524,ALPHA_41USDT
Solana,CT_501,el5fuxj2j4ciqsmw85k5fg9dvuqjjuobhoqbi2kpump,UFD,Unicorn Fart Dust,1751459340000,2025-07-02T12:29:00+00:00,0.02284551,ALPHA_39USDT
Solana,CT_501,61v8vbaqagmpgdqi4jcawo1dmbghsyhzodcpqnevpump,arc,AI Rig Complex,1751458860000,2025-07-02T12:21:00+00:00,0.02650419,ALPHA_50USDT
Solana,CT_501,7d1iywfhw2cr9ybzbfe6nzaasuvxhqg5fizffezwpump,YNE,yesnoerror,1751448660000,2025-07-02T09:31:00+00:00,0.00219498,ALPHA_36USDT
Solana,CT_501,8x5vqbha8d7nkd52unus5nnt3pwa8pld34ymskeso2wn,ZEREBRO,zerebro,1751468160000,2025-07-02T14:56:00+00:00,0.02862271,ALPHA_32USDT
Ethereum,1,0xabd4c63d2616a5201454168269031355f4764337,ORDER,Orderly Network,1744907700000,2025-04-17T16:35:00+00:00,0.09376676,ALPHA_35USDT
BSC,56,0x51363f073b1e4920fda7aa9e9d84ba97ede1560e,BOB,Build On BNB,1744810380000,2025-04-16T13:33:00+00:00,3.88e-09,ALPHA_23USDT
BSC,56,0xd06716e1ff2e492cc5034c2e81805562dd3b45fa,MGP,Magpie,1744972920000,2025-04-18T10:42:00+00:00,0.02460525,ALPHA_24USDT
Solana,CT_501,h2c31usxu35mdkbrgph8pudunmzo2e4rf4hnvl2upump,Shoggoth,Shoggoth,1751451600000,2025-07-02T10:20:00+00:00,0.0054288,ALPHA_27USDT
Solana,CT_501,hejufdxfjszyfuuhlxkmqcgytu31g6mjp4wkviwqpump,GNON,numogram,1751450100000,2025-07-02T09:55:00+00:00,0.00145463,ALPHA_26USDT
Solana,CT_501,cbdcxko9qavr9hfshgpebg3zekoraed7w1jfq2o3pump,LUCE,Official Mascot of the Holy Year,1751466360000,2025-07-02T14:26:00+00:00,0.00488183,ALPHA_29USDT
BSC,56,0x4ad663403df2f0e7987bc9c74561687472e1611c,FROG,Frodo the virtual samurai,1752485700000,2025-07-14T09:35:00+00:00,0.00084347,ALPHA_11USDT
BSC,56,0xde04da55b74435d7b9f2c5c62d9f1b53929b09aa,AICell,AICell,1744873320000,2025-04-17T07:02:00+00:00,0.00186986,ALPHA_12USDT
BSC,56,0xe6df05ce8c8301223373cf5b969afcb1498c5528,KOGE,48 Club Token,1744895100000,2025-04-17T13:05:00+00:00,50.8967385,ALPHA_22USDT
Ethereum,1,0xcbde0453d4e7d748077c1b0ac2216c011dd2f406,TERMINUS,First City in Mars,1744889220000,2025-04-17T11:27:00+00:00,0.02867604,ALPHA_15USDT
Solana,CT_501,gjtjuwd9qycckrwmbmty1tpapv1skfb2zuv9q4aqpump,$RIF,Rifampicin,1751460720000,2025-07-02T12:52:00+00:00,0.00221457,ALPHA_17USDT
Solana,CT_501,fvgqhmfl9yn39v79hudpy3yundoyjpulwng2jfmqpump,$URO,Urolithin A,1751460720000,2025-07-02T12:52:00+00:00,0.00177263,ALPHA_18USDT
BSC,56,0x2b5d9adea07b590b638ffc165792b2c610eda649,CKP,Cakepie,1744894320000,2025-04-17T12:52:00+00:00,1.05500782,ALPHA_6USDT
Ethereum,1,0xba3335588d9403515223f109edc4eb7269a9ab5d,GEAR,Gearbox,1744856280000,2025-04-17T02:18:00+00:00,0.00277718,ALPHA_7USDT
Ethereum,1,0x643c4e15d7d62ad0abec4a9bd4b001aa3ef52d66,SYRUP,Syrup Token,1744996320000,2025-04-18T17:12:00+00:00,0.14474765,ALPHA_9USDT
Ethereum,1,0x30d20208d987713f46dfd34ef128bb16c404d10f,SD,Stader,1752496980000,2025-07-14T12:43:00+00:00,0.45153592,ALPHA_8USDT
Solana,CT_501,9bb6nfecjbctnnlfko2fqvqbq8hhm13kcyycdqbgpump,Fartcoin,Fartcoin,1751447820000,2025-07-02T09:17:00+00:00,1.05381196,ALPHA_10USDT
BSC,56,0xd5eaaac47bd1993d661bc087e15dfb079a7f3c19,KOMA,Koma Inu,1744976220000,2025-04-18T11:37:00+00:00,0.01758521,ALPHA_1USDT
BSC,56,0x78f5d389f5cdccfc41594abab4b0ed02f31398b3,APX,ApolloX Token,1745212380000,2025-04-21T05:13:00+00:00,0.0607005,ALPHA_3USDT
Solana,CT_501,kenjsuylashumfhyy5o4hp2fdnqzg1asuphfh2kyvep,GRIFFAIN,test griffain.com,1751446980000,2025-07-02T09:03:00+00:00,0.03931922,ALPHA_16USDT
Solana,CT_501,help6nuqkmyb4pywo2zys22meshxpqyzxbb8n4v98jwc,ai16z,ai16z,1751457060000,2025-07-02T11:51:00+00:00,0.14497007,ALPHA_4USDT
