address,symbol,name,price_usd,ath_price_usd,ath_date,market_cap_usd
0x004d50b3fc784b580531d8e8615aa96cf7fbb919,PLANCK,Planck,0.04752652,3.75,2025-11-13T12:04:02.858Z,3598795
0x01bf3d77cd08b19bf3f2309972123a2cca0f6936,AA,Arai,0.07367,0.194897,2025-09-16T04:56:26.120Z,10631814
0x0510101ec6c49d24ed911f0011e22a0d697ee776,X,TaleX,0.03829616,0.08278,2025-09-17T07:12:31.588Z,5741928
0x06238c1b8e618abedf17669228dc95fb2d2e210b,ECHO,Echo Protocol,0.02317532,0.070755,2025-07-09T06:21:52.089Z,4819260
0x0a73d885cdd66adf69c6d64c0609e55c527db2be,K,Sidekick,0.00937034,0.439431,2025-08-08T07:06:26.041Z,1043939
0x0a8d6c86e1bce73fe4d0bd531e1a567306836ea5,COAI,ChainOpera AI,0.543715,43.81,2025-10-12T20:51:39.942Z,107112621
0x0c78d4605c2972e5f989de9019de1fb00c5d3462,CESS,CESS Network,0.0036895,0.01905585,2025-06-26T10:01:31.647Z,9783492
0x0c808f0464c423d5ea4f4454fcc23b6e2ae75562,EDGEN,LayerEdge,0.004147165275,,,
0x0e63b9c287e32a05e6b9ab8ee8df88a2760225a9,PIEVERSE,Pieverse,0.346707,0.60979,2025-11-24T17:56:17.916Z,60655696
0x0e7779e698052f8fe56c415c3818fcf89de9ac6d,ULTI,Ultiverse,0.0008384,0.158629,2024-06-04T03:19:54.395Z,5843555
0x0f0df6cb17ee5e883eddfef9153fc6036bdb4e37,BAS,BNB Attestation Service,0.00512969,0.166539,2025-10-17T10:05:13.937Z,12836232
0x103071da56e7cd95b415320760d6a0ddc4da1ca5,XTER,Xterio,0.04822533,0.5983,2025-01-08T10:01:20.934Z,6871373
0x1036b2379f506761f237fba7463857924ef21ce3,BDXN,Bondex,0.051239,0.423103,2025-06-03T10:06:07.539Z,8249240
0x11cf6bf6d87cb0eb9c294fd6cbfec91ee3a1a7d0,FOREST,Forest Protocol,0.04614632,0.092739,2025-10-13T06:46:11.647Z,3745196
0x1219c409fabe2c27bd0d1a565daeed9bd9f271de,TAC,TAC,0.00577795,0.02485071,2025-07-15T11:00:51.799Z,15159353
0x12b4356c65340fb02cdff01293f95febb1512f3b,BROCCOLI,Broccoli,0.00685253,0.110665,2025-04-20T09:50:49.229Z,6853143
0x19ed254efa5e061d28d84650891a3db2a9940c16,SUP,Superp,0.063638,0.161004,2025-10-04T11:51:32.598Z,11136838
0x1a9fd6ec3144da3dd6ea13ec1c25c58423a379b1,SPA,Sperax,0.0058362,0.239479,2022-03-23T15:20:17.622Z,14189000
0x1aaeb7d6436fda7cdac7b87ab8022e97586d2da1,TOWN,Alt.town,0.00187527,0.02153179,2025-08-26T11:03:47.859Z,1345459
0x1aecab957bad4c6e36dd29c3d3bb470c4c29768a,BSU,Baby Shark Universe,0.191608,0.358087,2025-09-30T02:32:43.721Z,32235122
0x1b379a79c91a540b2bcd612b4d713f31de1b80cc,NAORIS,Naoris Protocol,0.02578146,0.152579,2025-09-12T23:05:33.717Z,15423177
0x1d58e204ca59328007469a614522903d69dc0a4c,VRA,Verasity,0.00026486,0.086208,2021-11-01T00:04:34.118Z,22639875
0x1e3dbc0aad9671fdd31e58b2fcc6cf1ca9947994,WAI,World3,0.03347556,0.069136,2025-10-21T08:05:53.773Z,9084809
0x1f34c87ded863fe3a3cd76fac8ada9608137c8c3,OVL,Overlay Protocol,0.0428062,0.76607,2025-08-14T08:38:42.505Z,738059
0x20482b0b4d9d8f60d3ab432b92f4c4b901a0d10c,REKT,Rekt,3.93676e-07,1.41e-06,2025-08-08T18:38:01.345Z,166535253
0x208bf3e7da9639f1eaefa2de78c23396b0682025,TAG,TAGGER,0.000573,0.00126186,2025-08-12T16:08:36.717Z,62418180
0x22b1458e780f8fa71e2f84502cee8b5a3cc731fa,M,MemeCore,1.29,2.96,2025-09-18T07:27:06.144Z,2199539860
0x238d72e179a581c98dc1996417a49818c7e509dc,FIR,Fireverse,0.025137,0.131284,2025-08-16T02:43:05.232Z,4292158
0x23ccab1de32e06a6235a7997c266f86440c2cbe6,DELABS,Delabs Games,0.00446758,0.0197292,2025-07-28T10:29:40.299Z,3371708
0x23d3f4eaaa515403c6765bb623f287a8cca28f2b,BROCCOLI,Broccoli,0.00175231,0.125616,2025-02-19T12:46:16.078Z,326059
0x23fe903be385832fd7bb82bf1fee93f696278888,DORA,DORA,0.0381589,0.576132,2025-07-25T10:40:29.370Z,38159172
0x2a7e3392458307493c86388d5e544aad93286836,ARIAIP,Aria,0.04824905,0.165019,2025-11-07T07:13:21.208Z,16064803
0x2b5d9adea07b590b638ffc165792b2c610eda649,CKP,Cakepie,0.51711,108.33,2024-01-29T15:19:19.662Z,2036361
0x2c3a8ee94ddd97244a93bc48298f97d2c412f7db,AKE,Akedo,0.0004335,0.0032245,2025-09-27T02:22:51.679Z,9906175
0x2d060ef4d6bf7f9e5edde373ab735513c0e4f944,AITECH,Solidus Ai Tech,0.01433863,0.493943,2024-03-13T05:09:55.639Z,24791362
0x2d739dd563609c39a1ae1546a03e8b469361175f,KO,Kyuzo's Friends,0.02089255,0.0263421,2025-11-24T07:59:05.178Z,4553359
0x2f714d7b9a035d4ce24af8d9b6091c07e37f43fb,NODE,NodeOps,0.04053254,0.120804,2025-08-28T01:46:23.215Z,4585986
0x30c60b20c25b2810ca524810467a0c342294fc61,TAIKO,Taiko,0.202891,3.8,2024-06-05T13:01:31.342Z,39520171
0x3199a64bc8aabdfd9a3937a346cc59c3d81d8a9a,MUBARAKAH,Mubarakah,0.00040518,0.01080484,2025-03-22T00:11:01.708Z,396987
0x374c5fb7979d5fdbaad2d95409e235e5cbdfd43c,MLK,MiL.k,0.082888,3.59,2021-04-05T15:10:26.250Z,42562326
0x37eff3ff1321fb9abc734761ca72fafdc044534a,TALE,PrompTale AI,0.00178974,2.56,2025-07-11T10:26:48.298Z,90001
0x38fd4ee2ade8b4be157dfee3d6b8979c78a56145,SHARDS,WorldShards,0.0030864,0.0471369,2025-09-05T12:00:36.606Z,3091372
0x39702843a6733932ec7ce0dde404e5a6dbd8c989,AVAIL,Avail,0.00747062,0.239543,2024-07-24T19:21:34.324Z,26781125
0x3b4de3c7855c03bb9f50ea252cd2c9fa1125ab07,IDOL,MEET48,0.03059475,0.04177777,2025-09-04T16:32:55.332Z,27566729
0x3c8d20001fe883934a15c949a3355a65ca984444,JANITOR,Janitor,0.00040666,0.01646713,2025-06-26T13:01:22.357Z,360957
0x3ca729bfd4bbad155f072752510226b37a5b7723,AGON,AGON Agent,0.0003859309415,,,
0x3dc8e2d80b6215a1bccae4d38715c3520581e77c,EPT,Balance,0.00253691,0.01708052,2025-04-21T13:21:11.518Z,5901243
0x3e5d4f8aee0d9b3082d5f6da5d6e225d17ba9ea0,UAI,UnifAI Network,0.12696,0.287189,2025-11-07T16:36:11.100Z,30320946
0x3ecb529752dec6c6ab08fd83e425497874e21d49,PINGPONG,PINGPONG,0.02154006,0.156669,2025-10-09T06:37:19.504Z,5151887
0x3f160760535eb715d5809a26cf55408a2d9844c1,OL,OPENLOOT,0.0210019,0.683764,2024-12-05T21:31:54.968Z,16385048
0x3fefe29da25bea166fb5f6ade7b5976d2b0e586b,ROAM,ROAM Token,0.07777,0.409919,2025-03-06T18:26:24.492Z,25814805
0x40b8129b786d766267a7a118cf8c07e31cdb6fde,UB,Unibase,0.04356765,0.091322,2025-10-28T18:20:29.995Z,109196486
0x44440f83419de123d7d411187adb9962db017d03,BNBHOLDER,币安Holder,0.0046111,0.02290386,2025-10-15T07:39:58.906Z,4635967
0x44f161ae29361e332dea039dfa2f404e0bc5b5cc,H,Humanity,0.116524,0.388387,2025-10-25T09:06:05.244Z,214017879
0x4507cef57c46789ef8d1a19ea45f4216bae2b528,TOKEN,TokenFi,0.00496925,0.243269,2024-03-26T13:01:11.223Z,15378216
0x46ee3bfc281d59009ccd06f1dd6abdbfcd82ffc3,GATA,Gata,0.00924452,0.175121,2025-09-04T10:49:43.505Z,1624632
0x48a18a4782b65a0fbed4dca608bb28038b7be339,AIA,DeAgentAI,0.464695,28.44,2025-11-07T13:01:50.861Z,46391085
0x49c6c91ec839a581de2b882e868494215250ee59,DGRAM,Datagram Network,0.0056517,0.01854725,2025-11-19T05:15:55.461Z,1406143
0x4ad663403df2f0e7987bc9c74561687472e1611c,FROG,Frodo the Virtual Samurai,0.00030522,0.00852264,2024-12-20T02:25:39.301Z,1530216
0x4c067de26475e1cefee8b8d1f6e2266b33a2372e,RHEA,RHEA,0.02181142,0.113297,2025-08-02T21:47:02.311Z,4363880
0x4e107a0000db66f0e9fd2039288bf811dd1f9c74,VLR,Velora,0.00610905,0.064575,2025-09-16T12:59:59.370Z,10320242
0x4e200fe2f3efb977d5fd9c430a41531fb04d97b8,ORDER,Orderly,0.136702,0.491538,2025-10-06T11:08:22.816Z,48324671
0x4fa7c69a7b69f8bc48233024d546bc299d6b03bf,QUQ,Quq,0.00358971,0.00873474,2025-03-22T09:30:48.536Z,3598046
0x503fa24b7972677f00c4618e5fbe237780c1df53,KILO,KiloEx,0.01143641,0.164805,2025-03-27T12:10:34.849Z,2425218
0x5043f271095350c5ac7db2384a0d9337e27c1055,PERRY,Perry,0.00044504,0.01783987,2025-02-19T10:36:53.963Z,445085
0x51363f073b1e4920fda7aa9e9d84ba97ede1560e,BOB,Build On BNB,2.7496e-08,1.36774e-07,2025-06-03T13:12:27.795Z,11650551
0x52b5fb4b0f6572b8c44d0251cc224513ac5eb7e7,BOB,BOB (Build on Bitcoin),0.01590403,0.02766645,2025-11-20T12:05:47.039Z,35397386
0x539ae81a166e5e80aed211731563e549c411b140,TA,Trusta AI,0.03060924,0.369021,2025-09-08T16:51:40.769Z,5503172
0x55ad16bd573b3365f43a9daeb0cc66a73821b4a5,AIOT,OKZOO,0.413291,2.0,2025-08-19T20:47:40.109Z,46470330
0x57df399cace62f98a74bffdffbb264e6f31bd982,PFVS,Puffverse,0.00189999,0.086767,2025-05-27T14:05:23.191Z,228130
0x5845684b49aef79a5c0f887f50401c247dca7ac6,CYC,Cycle Network,0.01146347,0.11831,2025-08-15T07:28:06.638Z,1744253
0x59537849f2a119ec698c7aa6c6daadc40c398a25,BOT,Hyperbot,0.00682228,0.200502,2025-09-21T07:15:30.356Z,855626
0x595e21b20e78674f8a64c1566a20b2b316bc3511,BULLA,BULLA,0.03478858,0.17343,2025-06-07T18:55:37.771Z,9734202
0x5b6e1ccf4cbbe27f588f8dcea8e9e39acb595e3d,DIGI,MineD,0.0000740399946,,,
0x5ba9bfffb868859064c33d4f995a0828b2b1d2d3,XLAB,Dexlab,6.53258e-07,1.76e-05,2025-08-29T07:14:11.947Z,228699
0x5c8daeabc57e9249606d3bd6d1e097ef492ea3c5,FUEL,Fuel Network,0.00265643,0.083754,2024-12-29T23:15:47.836Z,17511619
0x5d3a12c42e5372b2cc3264ab3cdcf660a1555238,ARIA,Aria.AI,0.079355,0.245513,2025-10-01T02:22:59.214Z,14443896
0x5d7909f951436d4e6974d841316057df3a622962,GOATED,GOAT Network,0.077002,0.214999,2025-09-27T08:55:18.436Z,8021707
0x5dbde81fce337ff4bcaaee4ca3466c00aecae274,AGT,Alaya AI,0.00280687,0.03632439,2025-05-27T10:25:57.480Z,0.0
0x5e0d6791edbeeba6a14d1d38e2b8233257118eb1,MGO,Mango Network,0.02208369,0.03417281,2025-09-21T20:25:35.583Z,35021560
0x61dbbbb552dc893ab3aad09f289f811e67cef285,SKATE,Skate,0.02307087,0.130825,2025-06-09T10:00:51.934Z,4939965
0x61fac5f038515572d6f42d4bcb6b581642753d50,IN,INFINIT,0.085706,0.306206,2025-10-10T06:22:41.076Z,19468918
0x6261963ebe9ff014aad10ecc3b0238d4d04e8353,HANA,Hana Network,0.01803237,0.245444,2025-09-26T11:26:58.407Z,4328695
0x6685906b75c61c57772c335402f594f855c1b0e3,WILD,Wilder World,0.065792,7.44,2021-11-27T15:44:06.182Z,25881851
0x6952c5408b9822295ba4a7e694d0c5ffdb8fe320,FAIR3,Fair and Free,0.00827518,0.04335751,2025-08-10T01:09:44.280Z,7748331
0x6a2608dabe09bc1128eec7275b92dfb939d5db3f,TOSHI,Toshi,0.00042993,0.00226012,2025-01-26T15:05:39.402Z,181990914
0x6bdcce4a559076e37755a78ce0c06214e59e4444,B,BUILDon,0.159362,0.731588,2025-08-31T21:31:16.268Z,159701002
0x6bf62ca91e397b5a7d1d6bce97d9092065d7a510,CROSS,Cross,0.114719,0.438189,2025-07-18T02:41:59.165Z,38610478
0x6c58e4a513d3a8062e57f41a1442e003af14ebb5,TGT,Tokyo Games Token,0.00383393,0.15017,2025-05-22T12:15:42.754Z,559641
0x6cfffa5bfd4277a04d83307feedfe2d18d944dd2,ALEO,ALEO,0.174336,6.72,2024-09-28T01:55:41.449Z,119292484
0x6d2ebdf6d551d8408e7d896e9a1ec6f84806e193,LN,Lnfi Network,0.01144914,0.056908,2025-07-25T08:02:59.114Z,1121079
0x6f0037c79d144d5b8e3e6f04e49fbb5f25fd508f,RCADE,RCADE Network,0.0001391,0.00305157,2025-07-09T13:41:13.132Z,1154515
0x722294f6c97102fb0ddb5b907c8d16bdeab3f6d9,DOOD,Doodles,0.00423815,0.01753469,2025-10-07T05:09:59.361Z,33111233
0x74836cc0e821a6be18e407e6388e430b689c66e9,JAGER,Jager Hunter,5.14471e-10,2.757e-09,2025-05-06T03:14:41.233Z,7513335
0x75a5863a19af60ec0098d62ed8c34cc594fb470f,MPLX,Metaplex,0.093702,0.896784,2022-09-20T03:29:58.836Z,53096222
0x795d2710e383f33fbebe980a155b29757b6703f3,GHIBLI,GhibliCZ,0.00076105,0.00586493,2025-06-04T07:09:25.176Z,658908
0x799a290f9cc4085a0ce5b42b5f2c30193a7a872b,ELDE,Elderglade,0.00216692,0.258907,2025-05-27T18:21:09.215Z,360152
0x7a986ba67227acfab86385ff33436a80e2bb4cc5,PUNDIAI,Pundi AI,1.24,17.93,2025-04-30T03:21:27.686Z,11201337
0x7b4bf9feccff207ef2cb7101ceb15b8516021acd,MILK,MilkyWay,0.02466838,0.161821,2025-05-03T05:50:31.822Z,6405616
0x7c8217517ed4711fe2deccdfeffe8d906b9ae11f,BLESS,Bless,0.01468568,0.218135,2025-10-15T21:47:01.770Z,27104767
0x7cea5b9548a4b48cf9551813ef9e73de916e41e0,MIA,MIA,0.02921496,0.186648,2025-05-19T18:20:37.849Z,16102462
0x7e975d85714b11d862c7cffee3c88d565a139eb7,BOMB,Bombie,0.00018082,0.0043492,2025-06-17T11:56:20.788Z,1631060
0x8105743e8a19c915a604d7d9e7aa3a060a4c2c32,ARTX,Ultiland,0.159718412,,,
0x825459139c897d769339f295e962396c4f9e4a4d,GAME,GameBuild,0.00195178,0.00919175,2024-05-15T02:26:59.350Z,35647490
0x87aa6aeb62ff128aaa96e275d7b24cd12a72aba1,PUBLIC,PublicAI,0.02609617,0.097207,2025-08-15T07:36:17.606Z,5219441
0x87d00066cf131ff54b72b134a217d5401e5392b6,PUFFER,Puffer,0.070804,0.990824,2024-12-07T09:42:30.591Z,22930560
0x899357e54c2c4b014ea50a9a7bf140ba6df2ec73,PRAI,Privasea AI,0.00836501,0.096207,2025-05-14T15:26:47.379Z,1722490
0x8a0db359c38414b5f145f65cc1c69d9253067c43,UPTOP,UpTop,0.00266814,0.04540951,2025-07-03T10:35:46.235Z,561027
0x8b194370825e37b33373e74a41009161808c1488,VELVET,Velvet,0.179913,0.31083,2025-09-23T17:26:38.418Z,27413282
0x8b9ee39195ea99d6ddd68030f44131116bc218f6,WPEAQ,Wrapped Peaq,0.04026873,0.147401,2025-10-06T17:38:29.057Z,4454975
0x8c321c2e323bc26c01df0dc62311482a1256fdf5,ZENT,Zentry,0.00543252,0.04531743,2024-05-27T08:45:21.517Z,42430902
0x8dedf84656fa932157e27c060d8613824e7979e3,STBL,STBL,0.068209,0.599171,2025-09-24T22:07:48.250Z,34085711
0x8fce7206e3043dd360f115afa956ee31b90b787c,STAR,Starpower Network,0.1189138191,,,
0x90869b3a42e399951bd5f5ff278b8cc5ee1dc0fe,REX,REVOX,0.0002791,0.081399,2025-09-08T19:48:30.322Z,563798
0x91152b4ef635403efbae860edd0f8c321d7c035d,IRYS,Irys,0.03908111553,,,
0x9123400446a56176eb1b6be9ee5cf703e409f492,TRADOOR,Tradoor,1.97,4.98,2025-10-09T07:52:20.624Z,28164437
0x92aa03137385f18539301349dcfc9ebc923ffb10,SKYAI,SkyAI,0.02370199,0.09237,2025-05-14T00:56:10.143Z,23780922
0x95034f653d5d161890836ad2b6b8cc49d14e029a,AB,AB,0.00632772,0.01727373,2025-03-22T08:04:44.760Z,562049232
0x953783617a71a888f8b04f397f2c9e1a7c37af7e,JOJO,JojoWorld,0.0231723,0.198757,2025-09-19T11:29:59.117Z,2593036
0x9558a9254890b2a8b057a789f413631b9084f4a3,AIN,Infinity Ground,0.104184,0.203488,2025-07-11T05:31:48.498Z,19274787
0x95c9b514566fbd224dc2037f5914eb8ab91c9201,PTB,Portal to Bitcoin,0.00884526,0.081616,2025-09-08T16:18:32.374Z,18364995
0x996d1b997203a024e205069a304161ba618d1c61,TAT,Tell A Tale,0.00078667,0.01502014,2025-03-21T09:11:29.207Z,0.0
0x997a58129890bbda032231a52ed1ddc845fc18e1,SIREN,Siren,0.071587,0.19207,2025-05-13T13:50:22.297Z,52062291
0x9a70815dfb644a24b57358e1041f8d0324c8f6e1,BOOP,BOOP,0.00851193,0.415986,2025-05-02T10:19:30.157Z,2690629
0x9beee89723ceec27d7c2834bec6834208ffdc202,AVL,Avalon,0.151104,0.787073,2025-03-08T02:15:44.824Z,39049015
0x9c8b5ca345247396bdfac0395638ca9045c6586e,RWA,Allo,0.00376238,0.01809004,2025-05-24T04:25:24.276Z,6771114
0x9cfae8067322394e34e6b734c4a3f72acc4a7fe5,DGC,DecentralGPT,6.70942e-07,7.494e-05,2025-08-20T15:22:44.958Z,105879
0x9ec02756a559700d8d9e79ece56809f7bcc5dc27,WHY,WHY,1.8991e-08,3.8355e-07,2024-11-25T08:57:20.524Z,7976046
0x9eca8dedb4882bd694aea786c0cbe770e70d52e3,LONG,Belong,0.00658651,0.116965,2025-11-06T10:21:59.067Z,468188
0xa1832f7f4e534ae557f9b5ab76de54b1873e498b,BID,CreatorBid,0.03579585,0.265326,2025-01-23T13:40:03.799Z,9758701
0xa18bbdcd86e4178d10ecd9316667cfe4c4aa8717,BNBXBT,BNBXBT,0.00065911,0.00917015,2025-02-19T11:56:12.879Z,674825
0xa2be3e48170a60119b5f0400c65f65f3158fbeee,ZEUS,Zeus Network,0.02991273,1.11,2024-04-08T09:00:52.107Z,22792142
0xa3cfb853339b77f385b994799b015cb04b208fe6,POP,Zypher Network,0.00071262,0.01221422,2025-09-30T07:02:55.402Z,1024866
0xa45f5eb48cecd034751651aeeda6271bd5df8888,FROGGIE,Froggie,0.00566268,0.071032,2025-09-16T23:29:38.649Z,5670339
0xa49fa5e8106e2d6d6a69e78df9b6a20aab9c4444,DONKEY,Donkey,0.00337689,0.074134,2025-08-25T00:39:09.557Z,3409105
0xa4b68d48d7bc6f04420e8077e6f74bdef809dea3,BGSC,BugsCoin,0.00234966,0.01229164,2025-04-23T09:25:56.540Z,26027642
0xa5346f91a767b89a0363a4309c8e6c5adc0c4a59,MM,Momofun,0.00015792,0.00576042,2025-08-04T13:41:48.085Z,1275078
0xa5c8e1513b6a08334b479fe4d71f1253259469be,GUA,Superfortune,0.138007,0.145712,2025-11-27T23:48:19.197Z,6193761
0xa890f8ba60051ec8a5b528f056da362ba208a96f,GAIN,Griffin AI,0.00548161,0.02771752,2025-10-09T18:00:57.344Z,0.0
0xa8d3dee6671c4fdac4743a1eb1f276eabd4ba302,ZKWASM,ZKWASM,0.00925409,0.128216,2025-08-21T14:10:34.516Z,468576
0xa992ffb0c9b753307b9704079c61db4e405deffd,COA,Alliance Games,0.00218539,0.02674497,2025-07-23T10:01:00.496Z,797690
0xaafe1f781bc5e4d240c4b73f6748d76079678fa8,TIMI,MetaArena,0.099976,0.101369,2025-11-24T23:51:19.283Z,36426625
0xabd834a7823567673e1ac07635d5d9857b34a8d3,AFT,AIFlow Token,0.00074148,0.098908,2025-08-17T13:44:59.518Z,0.0
0xad8c787992428cd158e451aab109f724b6bc36de,ASP,Aspecta,0.04399468,0.582459,2025-07-24T10:02:36.424Z,10109555
0xb035723d62e0e2ea7499d76355c9d560f13ba404,OIK,Space Nation Oikos,0.0082547,0.158664,2025-03-13T09:41:19.639Z,2409393
0xb05f4747eb3d18a3fa4aa3e5c627f02ccc70d005,DARKSTAR,DarkStar,0.10797,0.158405,2025-10-27T13:32:57.299Z,31677867
0xb40f2e5291c3db45abb0ca8df76f1c21e9f112a9,BRIC,Redbrick,0.00574571,0.04554831,2025-08-09T02:25:22.972Z,1354012
0xb5761f36fdfe2892f1b54bc8ee8babb2a1b698d3,RICE,Rice AI,0.00852213,0.262208,2025-09-24T22:52:21.409Z,2223139
0xb7c0007ab75350c582d5eab1862b872b5cf53f0c,PUMP,PumpBTC,0.02961167,0.577242,2025-09-22T18:57:39.145Z,8435511
0xb7e548c4f133adbb910914d7529d5cb00c2e9051,PAL,Palio,0.0036303,0.03242928,2025-07-07T11:01:34.258Z,689850
0xb994882a1b9bd98a71dd6ea5f61577c42848b0e8,WOD,World of Dypians,0.058001,0.239821,2025-01-02T09:35:54.990Z,19556620
0xb9e1fd5a02d3a33b25a14d661414e6ed6954a721,SOON,SOON,0.585139,4.3,2025-11-14T20:10:58.428Z,214706700
0xba38b3c706f7a515ff7c8db04daa0a134ec46d2b,USELESS,Useless Coin,0.117358,0.434591,2025-10-14T14:50:41.608Z,118519452
0xba5ed44733953d79717f6269357c77718c8ba5ed,U,Union,0.0041967,0.02767563,2025-09-04T09:07:49.129Z,8039682
0xbe7e12b2e128bc955a0130ffb168f031d7dd8d58,BOOST,Boost,0.00643462,0.19114,2025-10-28T08:27:48.506Z,1047545
0xbfe78de7d1c51e0868501d5fa3e88e674c79acdd,LOT,League of Traders,0.0111668,0.04644783,2025-06-21T02:05:11.166Z,1677191
0xc07e1300dc138601fa6b0b59f8d0fa477e690589,Q,Quack AI,0.01212592,0.052458,2025-10-07T14:02:00.971Z,19550281
0xc08cd26474722ce93f4d0c34d16201461c10aa8c,CARV,CARV,0.155672,1.36,2024-11-02T15:50:28.103Z,48078383
0xc0c240c870606a5cb3150795e2d0dfff9f1f7456,RION,Hyperion,0.371243,1.17,2025-07-17T01:52:18.583Z,6313191
0xc1353d3ee02fdbd4f65f92eee543cfd709049cb1,CUDIS,Cudis,0.02989078,0.269889,2025-11-04T22:11:13.122Z,7446531
0xc19539eb93444523ec8f1432624924d2e6226546,TAKER,Taker Protocol,0.00255884,0.077041,2025-07-18T10:26:37.066Z,435224
0xc19d38925f9f645337b1d1f37baf3c0647a48e50,GAIB,GAIB,0.06498,0.249432,2025-11-19T10:24:22.723Z,13308370
0xc23db46993f643f1fa0494cd30f9f43505885d84,TCOM,TCOM Global,0.04744901,0.102338,2025-08-15T12:01:53.415Z,4363909
0xc61eb549acf4a05ed6e3fe0966f5e213b23541ce,NUMI,NUMINE Token,0.125959,0.187322,2025-11-14T16:08:16.394Z,20796114
0xc71b5f631354be6853efe9c3ab6b9590f8302e81,ZKJ,Polyhedra Network,0.04957382,4.01,2024-03-19T10:00:53.393Z,19894744
0xcc442a4c0b9c35578aa285f0d39f2bcc0e152acd,SSS,Sparkle,0.00712154,0.051682,2025-11-24T10:05:29.522Z,640347
0xcd1679f117e81defc4f0009311ddc23fc1ae4a5e,MAIGA,Maiga,0.02302456,0.159492,2025-09-17T13:11:12.256Z,6414247
0xcd806d0eb9465020994c9e977cbe34fe430172ae,DL,Dill,0.00250686,0.0176081,2025-09-19T11:39:25.927Z,2969482
0xce7c3b5e058c196a0eaaa21f8e4bf8c2c07c2935,BOOM,Boom,0.01145073,0.04864809,2025-10-07T23:52:52.393Z,2452297
0xcef5b397051fc92026249670e918c0ad7b8585e4,OBT,Orbiter Finance,0.0025391,0.03289357,2025-03-14T07:12:05.253Z,12696529
0xcf640fdf9b3d9e45cbd69fda91d7e22579c14444,GORILLA,Gorilla,0.00147228,0.01120028,2025-05-09T08:24:32.890Z,1475763
0xd029b392580d555f35cca1987f27d248cf883716,PHY,DePHY Network,0.00155743,0.100223,2025-07-26T08:02:44.362Z,112620
0xd06716e1ff2e492cc5034c2e81805562dd3b45fa,MGP,Magpie,0.01587909,0.21073,2024-12-18T10:07:43.117Z,8183719
0xd5369a3cac0f4448a9a96bb98af9c887c92fc37b,BUBB,Bubb,0.00064453,0.04118921,2025-03-21T10:21:19.296Z,644625
0xd55c9fb62e176a8eb6968f32958fefdd0962727e,FHE,Mind Network,0.01753783,0.150895,2025-08-23T06:27:48.730Z,4367718
0xd5df4d260d7a0145f655bcbf3b398076f21016c7,AOP,Ark of Panda,0.03779223,0.087664,2025-10-14T02:55:20.259Z,10270243
0xd5eaaac47bd1993d661bc087e15dfb079a7f3c19,KOMA,Koma Inu,0.0140067,0.192298,2024-12-10T14:25:38.838Z,8495420
0xd715cc968c288740028be20685263f43ed1e4837,GAIA,Gaia,0.051225,0.140825,2025-07-30T09:44:54.041Z,8711291
0xd8002d4bd1d50136a731c141e3206d516e6d3b3d,GM,Gomble,0.01001995,0.06274,2025-05-06T05:01:33.968Z,2760857
0xd86e6ef14b96d942ef0abf0720c549197ea8c528,RDO,Reddio,0.0002662,0.01212625,2025-06-10T03:07:24.187Z,518250
0xd955c9ba56fb1ab30e34766e252a97ccce3d31a6,XPIN,XPIN Network,0.00223213,0.00999923,2025-10-23T16:30:51.390Z,34589505
0xda7ad9dea9397cffddae2f8a052b82f1484252b3,RIVER,River,3.55,10.21,2025-10-24T10:10:45.048Z,69990720
0xdac991621fd8048d9f235324780abd6c3ad26421,ZRC,Zircuit,0.00885341,0.09726,2024-11-25T10:56:01.403Z,19981944
0xdb6f1f098b55e36b036603c8e54663a8d907d6e1,BEE,BEE,0.02145080683,,,
0xdc06717f367e57a16e06cce0c4761604460da8fc,BNBCARD,BNB Card,0.00141759,0.01981881,2025-03-21T13:22:14.801Z,1418630
0xde04da55b74435d7b9f2c5c62d9f1b53929b09aa,AICELL,AICell,0.00249964,0.0983,2024-12-29T22:00:01.329Z,0.0
0xe0a441d23cedb44822dfc8562e4d8d39c6b7f946,SGC,SGC,0.00046005,0.00415112,2025-06-13T12:58:31.683Z,3038112
0xe1e93e92c0c2aff2dc4d7d4a8b250d973cad4444,恶俗企鹅,三维威廉泰尔企鹅 (Vulgar Penguin),0.00354789,0.00811766,2025-11-25T06:01:41.070Z,3544159
0xe3225e11cab122f1a126a28997788e5230838ab9,XNY,Codatta,0.00398308,0.02844115,2025-08-15T20:21:47.378Z,10063985
0xe32f9e8f7f7222fcd83ee0fc68baf12118448eaf,XCX,Xeleb Protocol,0.01568354,0.088631,2025-08-11T11:42:37.629Z,1697495
0xe50e3d1a46070444f44df911359033f2937fcc13,SQD,SQD,0.083163,0.284777,2025-06-11T18:05:28.300Z,74794363
0xe6df05ce8c8301223373cf5b969afcb1498c5528,KOGE,KOGE,47.98,76.94,2022-03-25T18:07:48.462Z,162233134
0xe747e54783ba3f77a8e5251a3cba19ebe9c0e197,TAKE,OVERTAKE,0.305233,0.34043,2025-10-16T09:53:12.448Z,54060273
0xea17df5cf6d172224892b5477a16acb111182478,ELIZAOS,ElizaOS,0.00816664,10859692,2025-11-07T02:00:45.194Z,61167978
0xea37a8de1de2d9d10772eeb569e28bfa5cb17707,JCT,Janction,0.00281161,0.01057934,2025-11-10T12:50:26.979Z,32289143
0xf39e4b21c84e737df08e2c3b32541d856f508e48,ESPORTS,Yooldo Games,0.469677,0.508072,2025-11-27T06:33:21.296Z,71444539
0xf486ad071f3bee968384d2e39e2d8af0fcf6fd46,VELO,Velo,0.00632219,2.29,2021-03-08T10:16:26.079Z,110995533
0xf4b385849f2e817e92bffbfb9aeb48f950ff4444,EGL1,EGL1,0.02095793,0.122851,2025-07-19T11:52:35.148Z,20160059
0xf6402bec11bd945bbd46be77e1fa5d477883f6c2,PORT3,Port3 Network,0.006262849228,,,
0xf86089b30f30285d492b0527c37b9c2225bfcf8c,PLAY,PlaysOut,0.03123402,0.089165,2025-08-07T08:18:27.549Z,11673656
0xf970706063b7853877f39515c96932d49d5ac9cd,YALA,Yala,0.04642249,0.450515,2025-08-08T18:05:55.605Z,12125882
0xf9ca3fe094212ffa705742d3626a8ab96aababf8,DAM,Reservoir,0.02451598,0.14892,2025-09-19T00:10:12.459Z,4916992
0xfa35e2250e376c23955247383dc32c79082e7fcc,FST,FreeStyle Classic,0.0491303,0.162412,2025-10-07T14:01:02.019Z,4128588
0xfc5a743271672e91d77f0176e5cea581fbd5d834,SLAY,SatLayer,0.00550518,0.098666,2025-08-11T11:06:08.065Z,2775329
0xfdc8cd47848c0c67df66f7120f4e3371181cfa5e,BLUM,Blum,0.02078175,0.167204,2025-06-27T14:10:49.094Z,3636456
0xfe2dd2d57a05f89438f3aec94eafa4070396bab0,MAT,Matchain,0.239907,3.27,2025-06-19T12:24:49.827Z,1735249
0xfe723495f73714426493384eb5e49aa5b827e1d5,MORE,Moonveil,0.0054403,0.129575,2025-07-24T20:22:38.024Z,981724
0xfebe8c1ed424dbf688551d4e2267e7a53698f0aa,VINU,Vita Inu,1.0362e-08,7.38e-08,2024-12-06T22:25:23.653Z,9320816
0xfed13d0c40790220fbde712987079eda1ed75c51,BTR,Bitlayer,0.03983276,0.172417,2025-09-14T14:46:25.050Z,10464529
0xff7d6a96ae471bbcd7713af9cb1feeb16cf56b41,BR,Bedrock,0.056248,0.219014,2025-03-24T11:21:00.600Z,12353312
0xff7f8f301f7a706e3cfd3d2275f5dc0b9ee8009b,FOLKS,FOLKS,9.13,10.35,2025-11-21T00:46:47.289Z,113427957
